date,price_index_bit,price_index_ether
2016-04-11,1.0,1.0
2016-04-12,1.006407360110281,0.8610007468276375
2016-04-13,1.0029610826353195,0.9306588908622124
2016-04-14,1.0042581860647448,0.9703197523387599
2016-04-15,1.0171131405454943,0.9536070980511095
2016-04-16,1.0191463070113869,0.9960329539763747
2016-04-17,1.0116359358543097,1.0769696958329578
2016-04-18,1.0144573904376673,1.04537477143643
2016-04-19,1.0308320119954437,1.0082243717804849
2016-04-20,1.0447497432628021,0.9794071298483804
2016-04-21,1.0637705800588462,0.9373399586105893
2016-04-22,1.0550412625091892,0.9048414819999534
2016-04-23,1.0657991235576794,0.9596241964210749
2016-04-24,1.085380928512821,0.9256761415986966
2016-04-25,1.0921764733883597,0.8739614997058035
2016-04-26,1.1032135905407738,0.8557634649360067
2016-04-27,1.0525559843116723,0.8977508671707082
2016-04-28,1.0627906555100024,0.8297899383152808
2016-04-29,1.0771959653343925,0.8627338194424753
2016-04-30,1.061150369010287,1.0196892627722256
2016-05-01,1.069569658831532,1.023451535255417
2016-05-02,1.0525133663340946,1.1757805419018408
2016-05-03,1.0658511319370962,1.0772206978827894
2016-05-04,1.0573726825842646,1.089078917361409
2016-05-05,1.0603409163717539,1.1367814431922783
2016-05-06,1.0878615115094183,1.0813126381131886
2016-05-07,1.085335999051714,1.0840742123141938
2016-05-08,1.085364386958812,1.0970800903960438
2016-05-09,1.0899444471050583,1.0756543347612684
2016-05-10,1.0672500128756857,1.083034126018034
2016-05-11,1.0715886674608057,1.1564694923282188
2016-05-12,1.0764125168855678,1.163586807155732
2016-05-13,1.0785523005292648,1.215508484365772
2016-05-14,1.0785546120127945,1.1846308190136203
2016-05-15,1.0830447410029658,1.1525441512605654
2016-05-16,1.07498524803988,1.2924075686330627
2016-05-17,1.0740857920114117,1.411279050177351
2016-05-18,1.0760645663804977,1.5685943366655741
2016-05-19,1.0384204679555065,1.7087064391459048
2016-05-20,1.0477959896194164,1.5775024269967435
2016-05-21,1.0490078570936865,1.6213952381987389
2016-05-22,1.0398595831542836,1.6527587993871358
2016-05-23,1.0512967314250448,1.5573608088819642
2016-05-24,1.0556187722222956,1.4729996267516772
2016-05-25,1.0641824575302825,1.4491328072256817
2016-05-26,1.0731414065218363,1.4380728294308123
2016-05-27,1.1206699141565581,1.3068110040622614
2016-05-28,1.2545829675591236,1.3758895264402249
2016-05-29,1.245571937954292,1.4288176391221614
2016-05-30,1.2636343036580022,1.4721898003579343
2016-05-31,1.2577689142015598,1.6286026931030482
2016-06-01,1.270867657960825,1.6198333986306432
2016-06-02,1.2733577035931214,1.5893490617653707
2016-06-03,1.3472588658576041,1.6019245402883666
2016-06-04,1.3556213798646526,1.5896267638134702
2016-06-05,1.3609470379169257,1.6167676430444133
2016-06-06,1.3859421205968858,1.612035895830729
2016-06-07,1.3647815001571448,1.6788931328156107
2016-06-08,1.3767299919249767,1.6679835355894979
2016-06-09,1.3601257389253032,1.665773834906408
2016-06-10,1.3668478219649156,1.6090857666832787
2016-06-11,1.4360979904323363,1.6418260327410383
2016-06-12,1.5924522261500587,1.8213884859677718
2016-06-13,1.6672291517368307,2.036456089370411
2016-06-14,1.622690186878387,2.1857540945605813
2016-06-15,1.6437797291995917,2.1234087159606743
2016-06-16,1.8138196810253857,2.3818949297696266
2016-06-17,1.7726369902519683,1.7789417775645213
2016-06-18,1.7899583810167103,1.3108485513209822
2016-06-19,1.8078384284570204,1.4153744106554615
2016-06-20,1.7449838459806515,1.3697116764277963
2016-06-21,1.5779379876643347,1.5394519505396873
2016-06-22,1.4109822772056735,1.5149720240286746
2016-06-23,1.476928035499764,1.5821994200804508
2016-06-24,1.5747355717017495,1.6580804841658527
2016-06-25,1.5743189267955333,1.652400114699662
2016-06-26,1.4896859799061293,1.602329453485238
2016-06-27,1.5510092045441166,1.6062282048851952
2016-06-28,1.5314248714038643,1.4085950383680081
2016-06-29,1.5145935151474044,1.458989630139929
2016-06-30,1.5937611036987132,1.4416708196932568
2016-07-01,1.6007650432612202,1.411360032816725
2016-07-02,1.6656339391659432,1.4031344473999552
2016-07-03,1.5590307747305443,1.3559097632736228
2016-07-04,1.6181999856543554,1.3270798333258125
2016-07-05,1.587346736903983,1.2276327108519274
2016-07-06,1.6032147823994687,1.2180883441157564
2016-07-07,1.5161841047512328,1.1695563530494433
2016-07-08,1.5776327273707027,1.318241140924025
2016-07-09,1.540795770100715,1.2685985623264568
2016-07-10,1.5370085488051328,1.266527767832703
2016-07-11,1.5329823778996747,1.2100015545577505
2016-07-12,1.5729651197857717,1.216607487187035
2016-07-13,1.5490990523423165,1.2148026997008166
2016-07-14,1.5576437401450443,1.3319619611082532
2016-07-15,1.5698974922065083,1.382680483437671
2016-07-16,1.5640085545116078,1.3481122604737088
2016-07-17,1.6082516494782584,1.2909498811243258
2016-07-18,1.593214437843955,1.2765696151151118
2016-07-19,1.592641623331768,1.3442135090737517
2016-07-20,1.5756491855668369,1.4404097412626735
2016-07-21,1.5740562844794788,1.4635593017442932
2016-07-22,1.5399886289457114,1.696235002351696
2016-07-23,1.5516743339297683,1.6543321133346522
2016-07-24,1.5652345075886365,1.4749895489366287
2016-07-25,1.5482208330687768,1.60069821598776
2016-07-26,1.5427460843288423,1.3870651306738737
2016-07-27,1.548824419205452,1.5008231212275907
2016-07-28,1.5504410129989887,1.485875976742757
2016-07-29,1.5550732259923723,1.480207081655987
2016-07-30,1.5504694731399473,1.441613006473867
2016-07-31,1.4785944706569085,1.3739227736752582
2016-08-01,1.435020983575248,1.2658335678777397
2016-08-02,1.295827346049238,1.0166003377660113
2016-08-03,1.3405390943015214,1.1909011260448443
2016-08-04,1.368786434307674,1.277541406787603
2016-08-05,1.361103351990617,1.2639593824621393
2016-08-06,1.3912465418942304,1.258834306761576
2016-08-07,1.4028730151128406,1.2623628990946383
2016-08-08,1.3990007023298237,1.300980254027314
2016-08-09,1.3913010062248974,1.4165429217366783
2016-08-10,1.4014836690438108,1.404846667536807
2016-08-11,1.3944229536671071,1.3525200771298957
2016-08-12,1.3907281917127103,1.3626544917616714
2016-08-13,1.386062895611309,1.338683520176317
2016-08-14,1.3502863314105402,1.2951263345723825
2016-08-15,1.3426338762502508,1.2978565748911233
2016-08-16,1.3667745768305704,1.2887517651512284
2016-08-17,1.356778855242116,1.2439913143361006
2016-08-18,1.3593872199375856,1.2443730581129875
2016-08-19,1.3624926980596468,1.2435170032098473
2016-08-20,1.3768530784229296,1.3012116172354447
2016-08-21,1.3759322411718125,1.293321547086164
2016-08-22,1.38882035099444,1.2865768185981155
2016-08-23,1.380919411354715,1.276129947788264
2016-08-24,1.3732671006621462,1.2767547498138447
2016-08-25,1.367536644056746,1.313937476327197
2016-08-26,1.3720102314929086,1.3067646652222924
2016-08-27,1.349041308594392,1.2897351415337122
2016-08-28,1.358426220660141,1.2644106344989794
2016-08-29,1.3588877950274645,1.2707156956601802
2016-08-30,1.3669259790017614,1.299071314481737
2016-08-31,1.3621186711310083,1.3503798847067596
2016-09-01,1.3546177626096303,1.3876898223688834
2016-09-02,1.3622725292534494,1.4013528293337214
2016-09-03,1.4159432987311473,1.360363918769779
2016-09-04,1.4406117398948262,1.3512475243198923
2016-09-05,1.4357738048673052,1.3555396042067283
2016-09-06,1.4448770048778803,1.3523118833417498
2016-09-07,1.4546005492807206,1.3359764492775608
2016-09-08,1.482464327488675,1.3126069999672318
2016-09-09,1.4742865876962765,1.3481122604737088
2016-09-10,1.4758202570181878,1.407773627264273
2016-09-11,1.4360790651609374,1.3464463791768257
2016-09-12,1.4396862796766494,1.3759819834590203
2016-09-13,1.4420486158439338,1.3788742993870808
2016-09-14,1.445464121694407,1.3793948390227315
2016-09-15,1.4371111425569183,1.380991432720804
2016-09-16,1.436680339814083,1.4525804169193695
2016-09-17,1.4343393848694477,1.46910087535172
2016-09-18,1.4435468905742974,1.4381653967801789
2016-09-19,1.4420153882681954,1.5258352824148185
2016-09-20,1.4398496726686503,1.6694412230982347
2016-09-21,1.4134272489091424,1.5928776540984333
2016-09-22,1.4114129354807883,1.5326146547022723
2016-09-23,1.426902331080576,1.5422979276277788
2016-09-24,1.4263887483338358,1.4898441260720963
2016-09-25,1.422130562269091,1.5156429442330817
2016-09-26,1.4392130034239572,1.4835043107809187
2016-09-27,1.434770187612283,1.5153421830955691
2016-09-28,1.4313665281148993,1.535761503258448
2016-09-29,1.4336505627776173,1.5124614518775008
2016-09-30,1.443217793106766,1.529976981732898
2016-10-01,1.4532726019929467,1.5239495122892261
2016-10-02,1.4459564676862187,1.527073191425417
2016-10-03,1.4488937853814992,1.5563080345700988
2016-10-04,1.444327883071872,1.536016035886563
2016-10-05,1.4497884739751876,1.5080999740612826
2016-10-06,1.450995646248538,1.487113775422784
2016-10-07,1.4607001209122588,1.4654566565798783
2016-10-08,1.465403267556458,1.4136275467192043
2016-10-09,1.4598268135412196,1.3944924744068932
2016-10-10,1.4651335463220938,1.3599936493723128
2016-10-11,1.5173912770245832,1.3634874875753986
2016-10-12,1.5058405048915686,1.3805865195239324
2016-10-13,1.5072464647484676,1.3839993750876438
2016-10-14,1.5157485345736177,1.381130228579568
2016-10-15,1.5116489740660939,1.3863594563394899
2016-10-16,1.5187143124098565,1.382680483437671
2016-10-17,1.5129436937781293,1.3888583334501
2016-10-18,1.5100253013542477,1.4563634315499758
2016-10-19,1.4924151196160222,1.3908944841444488
2016-10-20,1.493212725901466,1.399733176546236
2016-10-21,1.4978780220028673,1.4085718689480233
2016-10-22,1.5557880522739111,1.3965516841906551
2016-10-23,1.5552601672228312,1.392444739002552
2016-10-24,1.5474255382668627,1.3846934647120355
2016-10-25,1.556483953284051,1.32048548540652
2016-10-26,1.6055178868013062,1.3341369076613658
2016-10-27,1.6292087148996712,1.3304001215401573
2016-10-28,1.6323757362707088,1.2824351192800356
2016-10-29,1.6911426045926432,1.2083356732608674
2016-10-30,1.6612834382277335,1.2937380449930276
2016-10-31,1.659172042491135,1.2723816872876341
2016-11-01,1.7273902780302952,1.2455299844842118
2016-11-02,1.75351191999551,1.2439681449161162
2016-11-03,1.6301247847160085,1.249567531742933
2016-11-04,1.6645284721678963,1.2830829803950299
2016-11-05,1.6649617308619817,1.2728790575033009
2016-11-06,1.6841434324649163,1.2579550824384513
2016-11-07,1.6642822991719906,1.250469925486042
2016-11-08,1.6801812607596849,1.2533506567041104
2016-11-09,1.7119576582447043,1.2327347274630776
2016-11-10,1.6936397291432495,1.217579278859526
2016-11-11,1.69571558582058,1.1904383996285832
2016-11-12,1.6688340436449987,1.142781109331969
2016-11-13,1.6616787019113006,1.168642374596342
2016-11-14,1.6687558866081529,1.1530219929651022
2016-11-15,1.6843731361406735,1.1820624336430572
2016-11-16,1.7614862492373007,1.1637371877244882
2016-11-17,1.7538622542179698,1.1558795547631862
2016-11-18,1.7789710329940436,1.0962968536699975
2016-11-19,1.7790444225961095,1.117884574583521
2016-11-20,1.7303086704541768,1.1082267880199976
2016-11-21,1.7497697726287555,1.1130325670470609
2016-11-22,1.7784076088836958,1.1459926116029586
2016-11-23,1.7624235558085668,1.1388083261186333
2016-11-24,1.7522338140713438,1.0680118464141075
2016-11-25,1.7554528438217982,1.0877230649700325
2016-11-26,1.740619187205823,1.0791689151117687
2016-11-27,1.732696866343449,1.041032932461913
2016-11-28,1.741639273780994,1.0093743473257137
2016-11-29,1.7411446163056528,0.9456638485664363
2016-11-30,1.765020074150947,0.9934923719097924
2016-12-01,1.7912531007287458,0.9778696733365543
2016-12-02,1.8413615851518388,0.897749708699709
2016-12-03,1.8252924405892752,0.9164197376537608
2016-12-04,1.8317234211718745,0.8611592366933882
2016-12-05,1.7958119241200634,0.7891977764859294
2016-12-06,1.80888697517315,0.9103564107743981
2016-12-07,1.8181370988555772,0.9696533556877782
2016-12-08,1.8244757645647118,0.9521875849200616
2016-12-09,1.8291718322906014,0.9771187634679149
2016-12-10,1.8335649512063885,0.9399996976942345
2016-12-11,1.8219218641999093,0.9479197777589236
2016-12-12,1.8464339912898966,0.9859343967802892
2016-12-13,1.8475442257227233,0.9744393855425688
2016-12-14,1.849733634028447,0.956204390031368
2016-12-15,1.8417025289724596,0.9056756362846798
2016-12-16,1.8578427516535594,0.9091162399870869
2016-12-17,1.871859876712692,0.9112425859235181
2016-12-18,1.871152273817183,0.9099388095618212
2016-12-19,1.876321617795765,0.8843134310590047
2016-12-20,1.8956407082009918,0.8861899334166033
2016-12-21,1.974709047428247,0.9156168620860134
2016-12-22,2.046330797997071,0.8775085724095678
2016-12-23,2.1822984713220377,0.8290518267929186
2016-12-24,2.1274749939016564,0.8405768479460475
2016-12-25,2.1212284985982657,0.8300849070977973
2016-12-26,2.1482757452493773,0.841539371850545
2016-12-27,2.2088415256282485,0.8295921156008421
2016-12-28,2.3099651738889326,0.870001459673459
2016-12-29,2.3042276383652234,0.9583943415421853
2016-12-30,2.275211007746865,0.9440279771849618
2016-12-31,2.2811402519358133,0.9219450926671985
2017-01-01,2.362994506687158,0.9454845613879851
2017-01-02,2.418440495515614,0.96930978628858
2017-01-03,2.4707265418913407,1.125114095602102
2017-01-04,2.7331986749709603,1.3016975130716903
2017-01-05,2.3986290591185746,1.18633145444048
2017-01-06,2.1354728713819053,1.1863660982398854
2017-01-07,2.150583617085995,1.141535146189662
2017-01-08,2.156770736156218,1.190426814918591
2017-01-09,2.1369569882756503,1.1945685142366709
2017-01-10,2.1484391382413786,1.2204830691670074
2017-01-11,1.8409190805236348,1.1242475592946832
2017-01-12,1.9050091509465923,1.140857164828688
2017-01-13,1.950336476156361,1.1302333237823838
2017-01-14,1.9371477290071608,1.1160219738779136
2017-01-15,1.945162220275279,1.1458236954982148
2017-01-16,1.9682069887271114,1.114846622301273
2017-01-17,2.149052114779893,1.191873028047907
2017-01-18,2.09858852869956,1.1832541141442579
2017-01-19,2.128069045168772,1.2028519128728306
2017-01-20,2.118489968486534,1.226383327461908
2017-01-21,2.181836896954714,1.2620851970465388
2017-01-22,2.1886631412208803,1.2382531316505199
2017-01-23,2.1799978228714507,1.2518582150653967
2017-01-24,2.112953676497623,1.2300737747431478
2017-01-25,2.133913053402565,1.2229010739688146
2017-01-26,2.1718885607786174,1.2250528511019432
2017-01-27,2.1770106638125624,1.2190601357882471
2017-01-28,2.181365932185552,1.2222646872332414
2017-01-29,2.176409389159417,1.212893870485811
2017-01-30,2.1785066270593965,1.2229820566081888
2017-01-31,2.2969042806724653,1.2410643546086348
2017-02-01,2.3409770481965264,1.2415964789542782
2017-02-02,2.3948892232353503,1.2519276129947787
2017-02-03,2.4377549629537816,1.2858363901337548
2017-02-04,2.4685017389940693,1.3227415249295789
2017-02-05,2.4316717161746704,1.3134284110709666
2017-02-06,2.457258683105937,1.3176395083184287
2017-02-07,2.512172019448534,1.3322049090263757
2017-02-08,2.516243119815098,1.3224754075914715
2017-02-09,2.3536639144843554,1.2763150824869967
2017-02-10,2.340150981770124,1.3048558360072866
2017-02-11,2.377492131385013,1.3130234978740953
2017-02-12,2.3650206664686015,1.3187733756002398
2017-02-13,2.344809198953216,1.3037683075654447
2017-02-14,2.377728769511359,1.506885234470669
2017-02-15,2.384663942438859,1.4946799150145673
2017-02-16,2.431908354301017,1.4928288990189515
2017-02-17,2.476336223482318,1.4665441850217202
2017-02-18,2.4957691544513785,1.4820118691422053
2017-02-19,2.480265456547252,1.4760307385385014
2017-02-20,2.5562684796787734,1.438038185631407
2017-02-21,2.6398696381076374,1.4656070371486343
2017-02-22,2.644934676391945,1.4576591537799641
2017-02-23,2.761578491876905,1.5177832469867893
2017-02-24,2.778052723928037,1.5119755560412556
2017-02-25,2.707422455325705,1.567448995004342
2017-02-26,2.7579806677630323,1.6798186959787045
2017-02-27,2.7929407004069584,1.7812208761769928
2017-02-28,2.7929407004069584,1.8298916631020699
2017-03-01,2.8936075417350993,2.007186712756895
2017-03-02,2.961089569770072,2.2016035224579533
2017-03-03,3.0178492035819615,2.2512114572561166
2017-03-04,2.9708888152585073,2.15402037430529
2017-03-05,2.9992212467520947,2.233082820415701
2017-03-06,3.0127364909498557,2.268183167725307
2017-03-07,2.8960692716941576,2.185221859884367
2017-03-08,2.7220030044951855,1.9263887667590756
2017-03-09,2.8131072384612366,2.0540410171551904
2017-03-10,2.643230535159723,2.236553599529374
2017-03-11,2.783141454918523,2.4841532752016264
2017-03-12,2.890956559062052,2.711507291030312
2017-03-13,2.915904400797375,3.307912213494952
2017-03-14,2.935029326586113,3.31505038080045
2017-03-15,2.9577757691949023,4.055616758375276
2017-03-16,2.8114978680537304,5.361744926531424
2017-03-17,2.6041994021492316,5.417530711342017
2017-03-18,2.304987394107869,3.9519929617921923
2017-03-19,2.4539211898245896,5.175981784863992
2017-03-20,2.4953192819694245,5.019811950367573
2017-03-21,2.652272480856763,4.991456110884872
2017-03-22,2.4832715408775394,4.89855688715974
2017-03-23,2.4583000064360365,5.053153407708643
2017-03-24,2.2190715738595195,6.144005889004577
2017-03-25,2.302528120100061,5.92911194592125
2017-03-26,2.288198511361267,5.844843220809758
2017-03-27,2.4752949001522184,5.745963197472634
2017-03-28,2.4785613153150297,5.8741474618838225
2017-03-29,2.4615664215988486,6.146157776468277
2017-03-30,2.4295179913959366,6.039688333788814
2017-03-31,2.5368832230575107,5.788814708742186
2017-04-01,2.5574993446583023,5.865424726912528
2017-04-02,2.6087914531162872,5.639736482050154
2017-04-03,2.70735166614261,5.131591382785187
2017-04-04,2.6823564389949293,5.164620825270467
2017-04-05,2.662308364471545,5.241219369061388
2017-04-06,2.79935535613713,5.00267805395849
2017-04-07,2.7856742629961175,4.877790908341665
2017-04-08,2.7834254784572265,5.125887733568441
2017-04-09,2.8116397353553615,5.0055585645154155
2017-04-10,2.8098882087107824,5.025017788046367
2017-04-11,2.8522094495902643,5.021778482471396
2017-04-12,2.841226724534657,5.354977249284534
2017-04-13,2.7676380459498366,5.809881669358917
2017-04-14,2.763519560170914,5.503847171857849
2017-04-15,2.775306970430275,5.68055217361707
2017-04-16,2.799970499691453,5.636242533516497
2017-04-17,2.825936260986138,5.588358624226321
2017-04-18,2.8679734783269164,5.866350179745051
2017-04-19,2.8647070631641047,5.588439827526838
2017-04-20,2.9091820288223214,5.746576194127082
2017-04-21,2.892542525698821,5.579080264497685
2017-04-22,2.915407142903063,5.617096207485907
2017-04-23,2.8574166441116438,5.609726566641706
2017-04-24,2.959054019586789,5.78814389886835
2017-04-25,2.995363091805697,5.771912506532949
2017-04-26,3.032263903808191,6.099210794390044
2017-04-27,3.1190130138689733,7.192180740011414
2017-04-28,3.116054314951044,8.116717387469162
2017-04-29,3.12862300664342,7.910522789276001
2017-04-30,3.190400582262701,9.141962015170233
2017-05-01,3.3648690475958296,8.826798766195287
2017-05-02,3.4387654424255323,8.938648368856283
2017-05-03,3.5269820555921902,9.222597775228161
2017-05-04,3.639602156122943,11.219777063840908
2017-05-05,3.6816864699406375,10.920961274962428
2017-05-06,3.7369551968759143,11.316042693959213
2017-05-07,3.7793472269384916,10.875703674592778
2017-05-08,4.079098966384023,10.576425379959181
2017-05-09,4.154865351389198,10.546635243048868
2017-05-10,4.230063689316966,10.357134984268516
2017-05-11,4.375489519842027,10.398181487390705
2017-05-12,4.081205594685842,10.25654263046397
2017-05-13,4.272148292070102,10.508746842201132
2017-05-14,4.281616128607476,10.50308909050207
2017-05-15,4.114792895048607,10.691478982412313
2017-05-16,4.105372154988149,10.347081662606685
2017-05-17,4.35305079347812,10.395948396626489
2017-05-18,4.470357426865203,11.211089193330164
2017-05-19,4.704828248466854,14.984976396429218
2017-05-20,4.934470669910545,14.637213552874988
2017-05-21,4.83143686944806,18.271729412949785
2017-05-22,5.144348751434113,20.160253389603398
2017-05-23,5.492339129594986,21.050024432705026
2017-05-24,5.7839957647843026,21.986420292616536
2017-05-25,5.455793419249732,20.181655755157045
2017-05-26,5.213037951742436,18.557021321713908
2017-05-27,4.825921958681798,18.251020806028816
2017-05-28,5.102690617392194,19.726415930145745
2017-05-29,5.338936947280045,22.549019707356987
2017-05-30,5.1492485186460515,26.829780560216715
2017-05-31,5.411838826321123,26.68609485053021
2017-06-01,5.699353283025339,25.71082732371906
2017-06-02,5.890296269345041,25.888526624587325
2017-06-03,5.953730889719626,25.958057833299552
2017-06-04,5.945351761924709,28.38245651237782
2017-06-05,6.359569610434845,28.744797996308563
2017-06-06,6.777077277878532,30.596069076205435
2017-06-07,6.4669108604548,29.856232866351842
2017-06-08,6.640788163875225,30.27213498813009
2017-06-09,6.683843011839924,32.59415042756958
2017-06-10,6.9771090174367485,39.06480718463854
2017-06-11,7.001725739156451,39.405052544382954
2017-06-12,6.29523524509635,46.448372629589045
2017-06-13,6.431075353424026,45.99104976339057
2017-06-14,5.932475642922891,41.5388387332241
2017-06-15,5.833560328239329,41.8720264669801
2017-06-16,5.961328736081528,42.83155644109324
2017-06-17,6.286359148342561,43.894401727511955
2017-06-18,6.031698384915894,42.97397290788688
2017-06-19,6.129477605444642,42.811774610971646
2017-06-20,6.442365794724515,41.53328513358439
2017-06-21,6.3649900393118335,38.97271911127401
2017-06-22,6.403594703611108,38.91475760759631
2017-06-23,6.497089589417682,39.53578279705872
2017-06-24,6.174733563600433,37.44838840686075
2017-06-25,6.129027444027246,35.08275620330879
2017-06-26,5.866389750939817,31.547732921903282
2017-06-27,6.041544726881246,33.907349020060416
2017-06-28,6.094422801976001,37.93787131064223
2017-06-29,6.0104668308253375,35.040530487039966
2017-06-30,5.872047106878592,34.1188271286546
2017-07-01,5.7624804760904835,31.76858824641803
2017-07-02,5.932711992113796,33.317212859999
2017-07-03,6.069025376694164,32.728467747781224
2017-07-04,6.157975308010598,31.61842216029244
2017-07-05,6.158803974855971,31.0944596289958
2017-07-06,6.174355058172456,31.299812184268383
2017-07-07,5.961565085272433,28.45869581982841
2017-07-08,6.086256908536692,29.11882392906804
2017-07-09,5.961044423607383,28.012826149581112
2017-07-10,5.615752702467357,24.914648380330664
2017-07-11,5.533453487136558,22.837667430779426
2017-07-12,5.677956457862414,26.698241805114066
2017-07-13,5.581052711720514,24.26400870022754
2017-07-14,5.286224721128542,23.098894917964255
2017-07-15,4.731219900601874,19.743074963775715
2017-07-16,4.567804949507448,18.205324531307458
2017-07-17,5.2745551965291915,22.37722000280019
2017-07-18,5.488693920068755,27.11669300441289
2017-07-19,5.381115742987014,23.103638249887933
2017-07-20,6.669144288074992,26.29228532236
2017-07-21,6.314478923351423,25.25570224250196
2017-07-22,6.651439479979771,26.548075718988475
2017-07-23,6.46274498926352,26.14026921321394
2017-07-24,6.520641295101107,25.996812991115853
2017-07-25,6.09842282422403,23.91427844192491
2017-07-26,5.987104666791343,23.595320703939937
2017-07-27,6.323994145301155,23.637546420208764
2017-07-28,6.648811901077462,22.34239790919154
2017-07-29,6.45339561625704,23.807727354622642
2017-07-30,6.526132224225749,22.904072312421754
2017-07-31,6.8058124853771576,23.585834040092582
2017-08-01,6.434010359635777,26.234902833520767
2017-08-02,6.416044931772591,25.446244021875906
2017-08-03,6.638681246637965,26.069812992991473
2017-08-04,6.854453033291214,25.807312732335497
2017-08-05,7.69950482966425,29.675290729330307
2017-08-06,7.607264501543384,30.260681792178914
2017-08-07,7.997812758710086,31.141430442477446
2017-08-08,8.094858083218174,34.33320384201942
2017-08-09,7.911489828425078,34.24736136163813
2017-08-10,8.003351651117967,34.231742083312604
2017-08-11,8.6408686323956,35.732474402479966
2017-08-12,9.194949726316738,35.9334278572115
2017-08-13,9.641239986671408,34.48302040089496
2017-08-14,10.237405683345681,34.71821693439667
2017-08-15,9.898457828752731,33.52904049584324
2017-08-16,10.35930407876438,34.969265764390606
2017-08-17,10.252933073955989,34.87555715559402
2017-08-18,9.848017790910857,34.1968034806206
2017-08-19,9.926316983993626,34.4143012251879
2017-08-20,9.675323967057604,34.87220310622484
2017-08-21,9.47195502315348,37.20485970861034
2017-08-22,9.70576331578845,36.41747367043663
2017-08-23,9.826478231639976,36.733771117685095
2017-08-24,10.260010836523723,37.66993219414076
2017-08-25,10.347398782845007,38.39924375013171
2017-08-26,10.301952705168903,38.62680364280654
2017-08-27,10.374097573354026,40.24773803020873
2017-08-28,10.37357748955986,40.2308477437012
2017-08-29,10.838353261571882,42.882460318782535
2017-08-30,10.805878073722312,43.78692386341031
2017-08-31,11.132732246488224,44.314123934992786
2017-09-01,11.57918720004438,44.85775178732767
2017-09-02,10.837761521788297,40.373956203838375
2017-09-03,10.847678941872184,40.20042122005532
2017-09-04,10.027172789100314,34.14832864079025
2017-09-05,10.359067151702591,36.209579098800035
2017-09-06,10.881195453051856,38.67956107409459
2017-09-07,10.887727705506597,38.11152280350864
2017-09-08,10.009278439355665,34.30173579777995
2017-09-09,10.002911457973292,34.059711125878245
2017-09-10,9.758830354661754,33.40513838156747
2017-09-11,9.849556083199827,34.074405392693535
2017-09-12,9.77745860042706,33.71946576613383
2017-09-13,9.189932073444789,32.05908422757181
2017-09-14,7.467637605323289,24.747014758148214
2017-09-15,8.609861236587346,28.976177974685978
2017-09-16,8.580321632820407,28.520127881958643
2017-09-17,8.480530265879116,29.124838269173715
2017-09-18,9.622162157359586,33.95466583021383
2017-09-19,9.290243524180248,32.717590036090236
2017-09-20,9.245223915215362,32.826109420785464
2017-09-21,8.59452338762647,29.915115850961485
2017-09-22,8.593718413487275,30.578020760020962
2017-09-23,8.976455589936466,33.106772741420116
2017-09-24,8.717131986359647,32.68045541370599
2017-09-25,9.29284741037638,33.81988600424707
2017-09-26,9.213033617710819,33.25369775668159
2017-09-27,9.942814041944613,35.45516513121449
2017-09-28,9.881415260688751,34.6092385745246
2017-09-29,9.85381614734494,33.71981529338388
2017-09-30,10.26954917330875,34.87648216710426
2017-10-01,10.423473173030505,34.977364910972604
2017-10-02,10.436679834177061,34.41488024002636
2017-10-03,10.219298677116306,33.835042776817474
2017-10-04,10.010721960819922,33.857599641469776
2017-10-05,10.245169956521718,34.22838803394342
2017-10-06,10.345528792669535,35.70054385248538
2017-10-07,10.478268045842208,35.99393137725321
2017-10-08,10.912817703478993,35.70285638126097
2017-10-09,11.295176374500205,34.40527706709566
2017-10-10,11.318775465595987,34.69195649312514
2017-10-11,11.424080876497218,35.10682062488809
2017-10-12,12.892613748285077,35.18548897019762
2017-10-13,13.366715200597403,39.19079234010149
2017-10-14,13.803608702533234,39.29155857488649
2017-10-15,13.440043548349697,38.94067205219607
2017-10-16,13.552237180169234,38.569191666378885
2017-10-17,13.268012542398568,36.68321323666757
2017-10-18,13.23293462409463,36.36356174004992
2017-10-19,13.511833603813024,35.64269885789103
2017-10-20,14.228856950446778,35.17045223728884
2017-10-21,14.27655094585545,34.72863214033254
2017-10-22,14.221684417054329,34.18014621227977
2017-10-23,14.036824677513737,33.197243809930875
2017-10-24,13.081331353836626,34.51356343362419
2017-10-25,13.611908127486696,34.46693861681431
2017-10-26,13.976491490165035,34.30520635623248
2017-10-27,13.683153828578792,34.40886413463154
2017-10-28,13.617328556363685,34.27871289679425
2017-10-29,14.565911700028959,35.295628890324906
2017-10-30,14.510713473341335,35.60371068190803
2017-10-31,15.310438233440044,35.38713794885097
2017-11-01,16.017946358124068,33.74607573465542
2017-11-02,16.75452023245145,33.25265623608801
2017-11-03,17.060472815400665,35.367702115401144
2017-11-04,17.46804052579605,34.761254683670664
2017-11-05,17.533037131165784,34.27466332350325
2017-11-06,16.62258537554709,34.578812050878724
2017-11-07,16.910455222843986,34.08909612893054
2017-11-08,17.65678124618289,35.75630580589256
2017-11-09,16.908562117833217,37.12306680152005
2017-11-10,15.664867248972708,34.62057526139243
2017-11-11,15.048179623651475,36.40544145964698
2017-11-12,14.083572120417024,35.62187197659756
2017-11-13,15.526045326891806,36.64087101131539
2017-11-14,15.706549075720805,39.06052812375913
2017-11-15,17.315584318115608,38.566067104598126
2017-11-16,18.631968409532472,38.28459528153659
2017-11-17,18.24686485181982,38.45465970686712
2017-11-18,18.43896646925875,40.215228465375674
2017-11-19,19.022043968317362,40.99891092693016
2017-11-20,19.41057892332975,42.42699100618282
2017-11-21,19.104342027906394,41.69478790657781
2017-11-22,19.53581510096524,44.03762669673248
2017-11-23,19.02744012661729,47.45209838265312
2017-11-24,19.536147954593506,54.942449698361735
2017-11-25,20.807748208365503,53.943465511932196
2017-11-26,22.08503008865334,54.52816105085898
2017-11-27,23.23963229208946,55.572266027749684
2017-11-28,23.808768078239094,54.710028199390734
2017-11-29,23.40593659759593,49.46013243419802
2017-11-30,24.22251207262566,51.726615407818755
2017-12-01,25.978795750308638,53.97400854466143
2017-12-02,26.213124704608656,53.616410392654366
2017-12-03,26.801552132296603,53.894528166346724
2017-12-04,27.59211648316738,54.39789683451661
2017-12-05,28.206342378529556,53.59697455920454
2017-12-06,33.827396468472124,49.58334255513026
2017-12-07,42.36785656782402,50.256655608969034
2017-12-08,39.21909360518691,52.758222137586415
2017-12-09,35.926179595191336,54.779442899019614
2017-12-10,36.5823011295281,51.10269867474228
2017-12-11,40.08871531573818,59.59607668901486
2017-12-12,41.22154103284163,75.36404884952245
2017-12-13,38.83753701895048,81.30310996504618
2017-12-14,39.20631110126804,80.49894308829171
2017-12-15,41.9115096205028,79.18378149427534
2017-12-16,46.14954995054509,80.54440987542465
2017-12-17,45.305493247831556,83.29389714167692
2017-12-18,45.24252843648437,91.93247371843043
2017-12-19,42.07672059429975,95.65514370501754
2017-12-20,39.34974790021586,94.76005031515376
2017-12-21,37.404819428712514,94.98876823750552
2017-12-22,32.739304892117644,78.07454440921344
2017-12-23,34.79240616984073,83.22587702046997
2017-12-24,32.961799050745945,80.3059758016371
2017-12-25,33.20038806919108,88.5993253726884
2017-12-26,38.10756820880902,89.52507830436475
2017-12-27,37.48908224930173,88.2531804166325
2017-12-28,34.57298859579037,85.26618408810293
2017-12-29,34.69062692706395,87.18304801663697
2017-12-30,30.657328562142393,82.9794567786055
2017-12-31,33.50762121401571,87.54642925587216
2018-01-01,32.32603475185466,89.38682791994546
2018-01-02,35.46201752205643,102.3213132956834
2018-01-03,35.98014580115766,111.37706300239715
2018-01-04,36.92266939075001,113.48285523602962
2018-01-05,41.254914232042466,115.4262126240019
2018-01-06,41.48569274764097,120.51195415191044
2018-01-07,39.00180490746734,133.41022991677434
2018-01-08,35.90700583931303,132.87342667226116
2018-01-09,34.546716273992566,150.3669054183454
2018-01-10,35.44118874397091,145.28579600914463
2018-01-11,31.730980300887257,133.61384542753152
2018-01-12,33.09150794901127,147.2964885861369
2018-01-13,33.99000702329824,161.55181978692738
2018-01-14,32.5977611981806,158.12160878301958
2018-01-15,32.710901382505526,149.4622159167075
2018-01-16,27.197543933175588,121.90137792953871
2018-01-17,26.482958045923834,117.33857153464639
2018-01-18,27.16062029527324,119.88722538582877
2018-01-19,27.474242380573774,120.21346494152317
2018-01-20,30.53187972802218,133.63929383579787
2018-01-21,27.45696172970624,121.42589376865072
2018-01-22,25.87417800575747,116.06713968324755
2018-01-23,25.725059580293824,114.09682279950364
2018-01-24,26.88723651525655,122.49025014257468
2018-01-25,26.650540601822186,122.17210267230574
2018-01-26,26.442248197999945,122.072610976281
2018-01-27,27.07966983058198,128.0769101173244
2018-01-28,27.89768998281773,144.15088455880624
2018-01-29,26.738118089792902,136.7872139224824
2018-01-30,23.92119863712042,123.91901868459256
2018-01-31,24.19292508344636,129.37727858833358
2018-02-01,21.70629351232306,119.94622841010006
2018-02-02,20.902024375605095,105.94715364227143
2018-02-03,21.716637401118167,111.52734559760609
2018-02-04,19.5913438697976,96.56435234685813
2018-02-05,16.462839904555956,80.74594234499465
2018-02-06,18.35340112770058,91.75627667862172
2018-02-07,18.039305188276472,87.58518794426674
2018-02-08,19.564313381402076,94.6120837792987
2018-02-09,20.680075727089786,102.25433116449175
2018-02-10,20.407685884990837,99.54139950578524
2018-02-11,19.243307261966134,94.24800348556342
2018-02-12,21.128827139532632,100.50069999230996
2018-02-13,20.351847377365505,97.78788837326509
2018-02-14,22.473400928335124,106.84675911118133
2018-02-15,24.06345426798459,108.39874483528804
2018-02-16,24.223224009552784,109.2356472338857
2018-02-17,26.303307234517266,112.69535268877257
2018-02-18,24.975678931470508,106.88841287376825
2018-02-19,26.56982590845095,109.19573051581418
2018-02-20,26.99209234261127,103.5854580335054
2018-02-21,25.303740854380656,98.33313676103204
2018-02-22,23.681426139108112,94.03802587273964
2018-02-23,24.382281814193853,99.97801906093017
2018-02-24,23.227136412128267,97.23917295762391
2018-02-25,22.876022063977096,97.73605948406556
2018-02-26,24.53755572029691,100.57104323402736
2018-02-27,25.387055966722727,101.6064700494976
2018-02-28,24.61140530758514,98.93796012675217
2018-03-01,25.920569480197194,100.90480998262183
2018-03-02,26.241056671580736,99.12931746970956
2018-03-03,27.19565082816482,99.172348157827
2018-03-04,27.249852805451173,100.26596596456336
2018-03-05,27.393527687202536,98.76269515961027
2018-03-06,25.51558369690441,94.51305105845081
2018-03-07,23.588097680115673,87.09500951656344
2018-03-08,22.237604181993788,81.51470458272371
2018-03-09,22.101598802593745,84.32828596713186
2018-03-10,20.985459685090706,79.46629836850875
2018-03-11,22.67222549561999,83.68307984700681
2018-03-12,21.788143144107345,80.96344008956194
2018-03-13,21.7638332718262,79.92177121168675
2018-03-14,19.57430130173362,71.06732095637628
2018-03-15,19.647797232041814,70.72175501515886
2018-03-16,19.736532773260873,69.60673484286886
2018-03-17,18.738931154124447,63.95099557342716
2018-03-18,19.46511375424437,62.31571644645973
2018-03-19,20.428396777416342,64.4076264462821
2018-03-20,21.097818587982612,64.4595683139867
2018-03-21,21.13524150632736,64.98676838556915
2018-03-22,20.65993114812904,62.43812159554335
2018-03-23,21.017697945878492,62.42851842261265
2018-03-24,20.517086088964813,60.90372521244426
2018-03-25,20.109164721589394,60.654755893059225
2018-03-26,19.431315242074085,56.68242459374353
2018-03-27,18.54048567013844,52.07391486297329
2018-03-28,18.827929048724123,51.63001172482983
2018-03-29,16.960919531262924,44.65263225022179
2018-03-30,16.309579300607204,45.656474512369215
2018-03-31,16.506060023593022,45.86610612852122
2018-04-01,16.200012669819095,43.91672910457584
2018-04-02,16.767064653566766,44.705502660014915
2018-04-03,17.64830734756326,48.23034728422954
2018-04-04,16.222758823492445,44.02501547110437
2018-04-05,16.122471643334045,44.33610531538491
2018-04-06,15.707897826360346,42.83826807040988
2018-04-07,16.358267233933617,44.57697195760967
2018-04-08,16.62438486547491,46.33476568158752
2018-04-09,16.02604117344484,46.10546874439728
2018-04-10,16.177597058290488,47.923769518995115
2018-04-11,16.493728258962435,49.809168933867966
2018-04-12,18.673532350620558,57.028340062210994
2018-04-13,18.689414553952663,57.004505128220124
2018-04-14,18.903104271816595,58.01598403119443
2018-04-15,19.71466382758702,61.51260168203369
2018-04-16,19.074542382242374,59.13459127102032
2018-04-17,18.703923736068166,58.17980286354172
2018-04-18,19.32248135156487,60.71283390582029
2018-04-19,19.63229180052504,65.69906961539094
2018-04-20,20.93771830426968,71.23241079690558
2018-04-21,21.055474521203273,70.03814326446756
2018-04-22,20.83506300923517,71.94297498221195
2018-04-23,21.1390277163489,74.33636812280587
2018-04-24,22.953586205297444,81.92679367995595
2018-04-25,20.937505647784953,71.19747219421357
2018-04-26,21.968954320245786,76.68036847321576
2018-04-27,21.2719796260063,74.85512305113458
2018-04-28,22.12747123774092,79.09469794302993
2018-04-29,22.29457762803217,79.69663329571429
2018-04-30,21.87200376656241,77.50350161650837
2018-05-01,21.584323460914945,77.93027791939933
2018-05-02,21.861045023148424,79.49625885582122
2018-05-03,23.063319262899686,90.18532468797687
2018-05-04,22.961301937319355,90.88883477787311
2018-05-05,23.33383911482316,94.41691341179529
2018-05-06,22.852516587964264,91.66244803016349
2018-05-07,22.185531081038228,87.1984342767958
2018-05-08,21.858442292694058,87.09801756926085
2018-05-09,22.07231924072389,87.03068944139741
2018-05-10,21.40663741050857,84.13866566868987
2018-05-11,19.980662417726535,78.62129682332909
2018-05-12,20.130726239953805,79.36888265251464
2018-05-13,20.6492104875186,84.85814103358341
2018-05-14,20.632285805114634,84.51720721107375
2018-05-15,20.1437214003574,82.00927504981149
2018-05-16,19.808678797187763,81.79860544364419
2018-05-17,19.158924244233372,77.81967902409521
2018-05-18,19.52970816147995,80.3313112313984
2018-05-19,19.520737293901448,80.58155155896546
2018-05-20,20.15051485045099,82.76103402252795
2018-05-21,19.927405837203803,80.89298386933947
2018-05-22,19.034564118855616,74.93715250696985
2018-05-23,17.889050668658008,67.51494488270812
2018-05-24,17.958923348533503,69.6170300091431
2018-05-25,17.705186022776925,67.87925113345354
2018-05-26,17.411067079757668,67.94242024009918
2018-05-27,17.44027614137987,66.25195817456304
2018-05-28,16.890597267840914,59.700200503747325
2018-05-29,17.68731478786757,65.4097316639141
2018-05-30,17.530930213928524,64.73896415701763
2018-05-31,17.73839395090539,66.82774606448093
2018-06-01,17.850304425992544,67.10517184482975
2018-06-02,18.091734257695595,68.4662592011559
2018-06-03,18.273516256916484,71.5344729525156
2018-06-04,17.786443914777625,68.60242654438802
2018-06-05,18.068797406631052,70.49025499711982
2018-06-06,18.11665782885386,70.23817170768886
2018-06-07,18.174080858438753,70.01407884288827
2018-06-08,18.04787385772082,69.53859468200027
2018-06-09,17.827888814463936,69.13194267532438
2018-06-10,16.062232071068294,60.90835026999546
2018-06-11,16.348397199262088,61.69561979908581
2018-06-12,15.580176803930504,57.47975980151971
2018-06-13,15.029953576020324,55.24127431368592
2018-06-14,15.800280888589166,60.12894686932037
2018-06-15,15.282461192539138,56.80424719741041
2018-06-16,15.503961413249698,57.80357738051172
2018-06-17,15.383506539295256,57.896823483553185
2018-06-18,15.941043301093195,60.03049316331098
2018-06-19,16.024171183269367,62.236236068145026
2018-06-20,16.039816459539683,62.04083974363149
2018-06-21,15.929020119513812,61.01108303688427
2018-06-22,14.399845477326044,53.89036208397238
2018-06-23,14.586338279980321,54.89721239881721
2018-06-24,14.611783090674514,52.94806839303854
2018-06-25,14.79155409922462,53.2532586410076
2018-06-26,14.423467683257122,50.06738836835538
2018-06-27,14.57367481746323,51.17720093767746
2018-06-28,13.973201093360602,48.86340115390331
2018-06-29,14.718461522792348,50.44187680686998
2018-06-30,15.158006296336668,52.65976843157701
2018-07-01,15.114974563207264,52.51376842782577
2018-07-02,15.655494183260048,54.99288753971763
2018-07-03,15.45527232418152,53.702715378790785
2018-07-04,15.616130774492172,54.06401357683879
2018-07-05,15.714573390793925,54.884717682272445
2018-07-06,15.795901783042277,54.83844239271262
2018-07-07,16.230073513121965,56.88014050818923
2018-07-08,16.03349686356967,56.58617043800464
2018-07-09,15.957446743961231,55.14733621730092
2018-07-10,14.982733434735227,50.2585091625678
2018-07-11,15.136017153519273,51.65766321394499
2018-07-12,14.743338864280016,49.75525700348126
2018-07-13,14.765208965695635,50.212579869679736
2018-07-14,14.855319839614825,50.45078445587886
2018-07-15,15.053008312744877,52.04314234265564
2018-07-16,15.957446743961231,55.60731760894675
2018-07-17,17.3286025933545,57.96091760170906
2018-07-18,17.446334539711035,55.59054383152257
2018-07-19,17.673752158257454,54.330215648824854
2018-07-20,17.406924901272564,52.141246521415
2018-07-21,17.561156328303763,53.49921637711695
2018-07-22,17.559263223292994,53.17771485747883
2018-07-23,18.251881926820886,52.15917832851612
2018-07-24,19.939901717164997,55.45865554916987
2018-07-25,19.365016115735404,54.662711389237316
2018-07-26,18.821065098382878,53.68443404443961
2018-07-27,19.32624444675111,54.33565273938121
2018-07-28,19.390485197006658,54.015425758503376
2018-07-29,19.452758874778485,53.98846979331002
2018-07-30,19.362861859315455,52.879695948363526
2018-07-31,18.415983527212624,50.19406853933687
2018-08-01,18.04785037304816,48.67621588118103
2018-08-02,17.91113481344847,47.736119029033595
2018-08-03,17.59689731877301,48.38872625804709
2018-08-04,16.646468547968666,47.11497947707942
2018-08-05,16.730803301925327,47.49259160179137
2018-08-06,16.45462651013011,47.04625962350134
2018-08-07,15.984359069318717,43.98706923938435
2018-08-08,14.925570909344122,41.256554114552486
2018-08-09,15.546731994969923,42.29487176752113
2018-08-10,14.63895582776645,38.660817827125456
2018-08-11,14.90173563086128,37.26513379755289
2018-08-12,14.965548849123184,36.971049845035196
2018-08-13,14.906090835668472,33.1446034526187
2018-08-14,14.674460214781606,32.26964006438451
2018-08-15,14.932009038189538,32.66668810728016
2018-08-16,14.994047037100682,33.324038625850385
2018-08-17,15.576082288235785,36.526684596561374
2018-08-18,15.204777408831298,34.22248708188989
2018-08-19,15.399601815179121,34.80348220759558
2018-08-20,14.932032707780879,31.735499384300248
2018-08-21,15.358629752563635,32.618098311820894
2018-08-22,15.093411981560429,31.391437356453032
2018-08-23,15.467793907839562,32.05815876414756
2018-08-24,15.905870704423883,32.73644917076094
2018-08-25,16.00819434780156,32.35224271666524
2018-08-26,15.875810323417719,31.837537954764688
2018-08-27,16.295661534667595,33.04140798226238
2018-08-28,16.79660476586008,34.30196610446253
2018-08-29,16.68033973318112,33.47050215216329
2018-08-30,16.517185240050814,32.868104378457694
2018-08-31,16.65766426467411,32.74072970036093
2018-09-01,17.026128793117383,34.167997096982006
2018-09-02,17.214231035523675,34.05577780746896
2018-09-03,17.184265332882884,33.464370582736294
2018-09-04,17.424748380932197,33.055290780965024
2018-09-05,16.078351016543504,26.878370878201558
2018-09-06,15.45427857118246,26.633570861078255
2018-09-07,15.30729040893972,25.128212721754796
2018-09-08,14.736640231240811,22.9009490498938
2018-09-09,14.913878131220462,22.782135430997
2018-09-10,14.982141232654934,22.80006737932125
2018-09-11,14.962022080013012,21.410283539197305
2018-09-12,15.034451029523929,21.2095614079549
2018-09-13,15.426206435849146,24.451541974990047
2018-09-14,15.415318423831165,24.49723952071959
2018-09-15,15.4874870078373,25.807428648281697
2018-09-16,15.42589873116168,25.51993902514776
2018-09-17,14.867343714639267,22.89215661071546
2018-09-18,15.08060673264363,24.29200547989882
2018-09-19,15.14508269946315,24.291311339963688
2018-09-20,15.431792459406196,25.98293036188096
2018-09-21,15.941351421847694,28.527300294108205
2018-09-22,15.910651961875256,27.821128600100334
2018-09-23,15.883786975700458,28.266535058476858
2018-09-24,15.611065944241382,26.461771227133024
2018-09-25,15.258531050772241,25.27884108767849
2018-09-26,15.373399577561939,24.97133709641491
2018-09-27,15.803594400228894,26.434468389684493
2018-09-28,15.726384193266606,25.729684975546885
2018-09-29,15.626569526571334,26.797850645726218
2018-09-30,15.682429762141846,26.93818260261212
2018-10-01,15.597361250853533,26.69754742509961
2018-10-02,15.518020780670335,26.282567433879713
2018-10-03,15.391364797391606,25.50837002622889
2018-10-04,15.566756469246469,25.70839801753616
2018-10-05,15.675139528008064,26.331157229338974
2018-10-06,15.594260534387544,26.04413036616179
2018-10-07,15.628912816114333,26.15970466536131
2018-10-08,15.745556562254787,26.522508471457094
2018-10-09,15.722857424156434,26.37523511521987
2018-10-10,15.587680387994068,26.11921316914526
2018-10-11,14.80826441464605,21.92313726127085
2018-10-12,14.851674445169913,22.759344503126822
2018-10-13,14.878681448892774,23.119603129460454
2018-10-14,14.890374227016432,22.64226623406785
2018-10-15,15.61374060806319,24.26065349282868
2018-10-16,15.612722815635422,24.30878052833118
2018-10-17,15.490398367572546,23.957430031165078
2018-10-18,15.330107894994793,23.52579068150201
2018-10-19,15.303361256776709,23.569174427447773
2018-10-20,15.3596475449914,23.766194479036145
2018-10-21,15.343457544512493,23.732875762149796
2018-10-22,15.354842617948684,23.605848154020595
2018-10-23,15.32781194463448,23.639629630863695
2018-10-24,15.375387823234787,23.583635676096364
2018-10-25,15.329113772158369,23.45255891834556
2018-10-26,15.325468655091479,23.52312981175067
2018-10-27,15.338794635017834,23.62505269222592
2018-10-28,15.35302005941524,23.758790319728064
2018-10-29,14.989076422918561,22.81950329750495
2018-10-30,14.992958235898886,22.85525150416426
2018-10-31,14.95352469672072,22.835005756056233
2018-11-01,15.095944627834177,23.007499529936602
2018-11-02,15.121176412206278,23.21146098087629
2018-11-03,15.05684246293482,23.15951617573056
2018-11-04,15.09203914526251,24.004053096808125
2018-11-05,15.195072876380488,24.189735529455998
2018-11-06,15.292946636585599,25.27270951825149
2018-11-07,15.456574521542775,25.125898921971018
2018-11-08,15.275691504496233,24.553002095508543
2018-11-09,15.11450158744743,24.3034587888285
2018-11-10,15.170361823017942,24.58794047224353
2018-11-11,15.175214089243346,24.449922315141404
2018-11-12,15.0805357238696,24.343256145109414
2018-11-13,15.052652945267031,23.92769770394358
2018-11-14,13.582439948560824,20.985816968863944
2018-11-15,13.368656199546905,20.917444185253412
2018-11-16,13.19709900148968,20.266225236110184
2018-11-17,13.146872128658906,20.13017380882426
2018-11-18,13.31068937034683,20.48487931567684
2018-11-19,11.530617753363696,17.258054137225415
2018-11-20,10.537394361410417,15.078917500866922
2018-11-21,10.893148319302266,15.814937212085477
2018-11-22,10.334001562996269,14.65861577014435
2018-11-23,10.289431722496579,14.264112907010858
2018-11-24,9.185600330195422,13.130119632983147
2018-11-25,9.491435119943963,13.472099241024967
2018-11-26,8.945046273372078,12.533274978758605
2018-11-27,9.04348810376943,12.727055710649692
2018-11-28,10.077139157737298,14.164850896286945
2018-11-29,10.127854701684221,13.59850735286282
2018-11-30,9.508710269690765,13.092800483066883
2018-12-01,9.975956227164753,13.724946496920612
2018-12-02,9.79892219889036,13.465030505057554
2018-12-03,9.217248720416835,12.601534135016761
2018-12-04,9.365806088633112,12.750678401993548
2018-12-05,8.885552345170645,11.855395914727486
2018-12-06,8.334303888196223,10.615835594701418
2018-12-07,8.094851595250045,10.793247102237375
2018-12-08,8.227821475559447,10.661947719105175
2018-12-09,8.554744825614462,11.006983833130016
2018-12-10,8.290643603651318,10.607112638757048
2018-12-11,8.105860025367203,10.290081167086697
2018-12-12,8.253468494625704,10.480738118132283
2018-12-13,7.843338653427136,10.011732403848702
2018-12-14,7.674828927303199,9.753625844660037
2018-12-15,7.661282541373233,9.768956341484134
2018-12-16,7.69933704502182,9.863971071702714
2018-12-17,8.392916984202053,11.006031430565097
2018-12-18,8.748420913525717,11.697698918114266
2018-12-19,8.866512379497562,11.715760372936044
2018-12-20,9.786053370942234,13.445128446571303
2018-12-21,9.222959743417146,12.66761807595074
2018-12-22,9.50140596815078,13.507905195614972
2018-12-23,9.465423048178838,15.128231493098953
2018-12-24,9.653877619411134,16.22413300001231
2018-12-25,9.031110350537118,15.021691651329109
2018-12-26,9.13006559811131,15.255533005260165
2018-12-27,8.650841628552739,13.486665827028371
2018-12-28,9.28775495905722,15.924381481228991
2018-12-29,9.042751227235367,15.967339658425894
2018-12-30,9.150551764572421,16.180338593014
2018-12-31,8.858818746080711,15.429372956068718
2019-01-01,9.097454694561893,16.29139638580913
2019-01-02,9.33388875033677,17.93746410073753
2019-01-03,9.081409910339618,17.253426928574335
2019-01-04,9.13105995570274,17.88358322998568
2019-01-05,9.101418150826941,18.005826734633928
2019-01-06,9.649222970130463,18.24965609250219
2019-01-07,9.527598201105095,17.55008036408159
2019-01-08,9.540852491212267,17.395104366860213
2019-01-09,9.551381600885334,17.446410219897736
2019-01-10,8.707864378917959,14.880646371256828
2019-01-11,8.727843408809946,14.756064325016647
2019-01-12,8.66614982127017,14.573066817770945
2019-01-13,8.409694717226404,13.523905389404854
2019-01-14,8.772074155453977,14.931960279209845
2019-01-15,8.593659886867801,14.11796316850667
2019-01-16,8.65125193438587,14.293158213974847
2019-01-17,8.707010605112762,14.315701580307858
2019-01-18,8.657956462682966,13.999676272363535
2019-01-19,8.825368949395791,14.405604217457627
2019-01-20,8.52345201329652,13.822041670473673
2019-01-21,8.464322646862962,13.55399065809225
2019-01-22,8.531886579813008,13.737902881426132
2019-01-23,8.48583978966688,13.588091094086582
2019-01-24,8.523101489655566,13.577711060391145
2019-01-25,8.520498749863547,13.463809310569866
2019-01-26,8.526876641279534,13.476580893274933
2019-01-27,8.483100500310105,13.119856993621816
2019-01-28,8.214414611219135,12.331393266161744
2019-01-29,8.161552081721714,12.216656210786384
2019-01-30,8.251649739345865,12.59951210434451
2019-01-31,8.184454127746905,12.385887443906212
2019-02-01,8.255824193449028,12.449375082481648
2019-02-02,8.334206992984264,12.775675805085736
2019-02-03,8.199177983132417,12.435825998841286
2019-02-04,8.187676503805806,12.47388013477872
2019-02-05,8.204726403519789,12.430139686401196
2019-02-06,8.080248683357627,12.138111510515769
2019-02-07,8.046410458737535,12.09368756186435
2019-02-08,8.679119244508112,13.798084576521928
2019-02-09,8.689589144651094,13.816957598584596
2019-02-10,8.734524771180931,14.438860894430372
2019-02-11,8.635686200348292,14.03301012092202
2019-02-12,8.647752998797882,14.180387027219416
2019-02-13,8.596962689594433,14.178224954278013
2019-02-14,8.561009450272245,14.043631356675919
2019-02-15,8.570311085187978,14.125792495003656
2019-02-16,8.591558658448175,14.25997271573071
2019-02-17,8.69582037153916,15.456053324108872
2019-02-18,9.268336140082697,16.90211896263465
2019-02-19,9.342611159747548,16.81509840594886
2019-02-20,9.467411689086523,17.301940435625234
2019-02-21,9.35923629425376,16.905875795931085
2019-02-22,9.480917783336276,17.248504422035687
2019-02-23,9.805191956204345,18.37104155446433
2019-02-24,9.019126012730583,15.71679202207636
2019-02-25,9.190183457521652,16.17610464101349
2019-02-26,9.123107723053357,15.975593813024432
2019-02-27,9.115272009056323,15.748410205448673
2019-02-28,9.124119234352678,15.820172416517455
2019-03-01,9.135477017057758,15.785161244633327
2019-03-02,9.146912635770123,15.526401207590634
2019-03-03,9.106107662977692,15.299933636594263
2019-03-04,8.903451744103645,14.782186707628737
2019-03-05,9.222560451707615,15.944670207358168
2019-03-06,9.240472557258341,16.05653887336994
2019-03-07,9.258323466926882,15.969210089167694
2019-03-08,9.233819130638505,15.63284984562026
2019-03-09,9.381001664914363,15.961208178311567
2019-03-10,9.353275307421598,15.821610573581381
2019-03-11,9.243513476265269,15.483257664257513
2019-03-12,9.25281299663439,15.553696344019349
2019-03-13,9.24703988749122,15.41720384783982
2019-03-14,9.288821330386192,15.4690935301764
2019-03-15,9.375314915056306,15.929560977576164
2019-03-16,9.5831687603111,16.474043418909336
2019-03-17,9.527552501230964,16.196662058183772
2019-03-18,9.544780189754663,16.124246037635608
2019-03-19,9.636340831634987,16.25666463486553
2019-03-20,9.674889361289722,16.276003667542266
2019-03-21,9.537252127922272,15.807424385633315
2019-03-22,9.524568196714807,15.870518735859124
2019-03-23,9.552636045627148,15.992969592253447
2019-03-24,9.520307955420554,15.848015898968649
2019-03-25,9.380426284913234,15.62173811369746
2019-03-26,9.432523407450631,15.671406757524808
2019-03-27,9.673918745576565,16.310918421769745
2019-03-28,9.631410336771113,16.129090781065607
2019-03-29,9.700685054810917,16.485524645684446
2019-03-30,9.720296599030412,16.43870068460655
2019-03-31,9.71732419901687,16.37176401717285
2019-04-01,9.842249400874708,16.408348690566662
2019-04-02,11.550471400530732,18.96873213840173
2019-04-03,11.770939410825164,18.67916698063641
2019-04-04,11.652063557271665,18.285096391990624
2019-04-05,11.921618336681336,19.148410738294675
2019-04-06,11.976380511221878,19.19843070161427
2019-04-07,12.305576719323525,20.191564398363788
2019-04-08,12.520671882637567,20.854140403753977
2019-04-09,12.319923777798024,20.374693223002417
2019-04-10,12.60299668190596,20.516170742276955
2019-04-11,11.987435357028946,19.146348152612404
2019-04-12,12.046730617379458,19.058343469084242
2019-04-13,12.063412118697833,19.032547668436774
2019-04-14,12.23178765994387,19.417236643496278
2019-04-15,11.99363868317319,18.69251494093265
2019-04-16,12.392355190035241,19.392354098235185
2019-04-17,12.43112306837294,19.314531801773892
2019-04-18,12.541062427074037,20.108543523648503
2019-04-19,12.553907718595937,20.096327681638638
2019-04-20,12.634558338933726,20.101282016344353
2019-04-21,12.579278767908317,19.672680265032895
2019-04-22,12.780077277071618,19.88417866297766
2019-04-23,13.18955327899409,19.834793992607604
2019-04-24,12.935116015825699,19.1844186275627
2019-04-25,12.333077396115259,17.869406310425408
2019-04-26,12.496001472519673,18.087792837224768
2019-04-27,12.469829655037614,18.32933561878337
2019-04-28,12.509708051782212,18.19746540702622
2019-04-29,12.420269019662221,17.95531717660182
2019-04-30,12.664951430083093,18.760987077601918
2019-05-01,12.787963228900502,18.605072508322454
2019-05-02,13.030781474025224,18.7559839767892
2019-05-03,13.653305301270619,19.430412335267043
2019-05-04,13.802135110956812,18.97623332921754
2019-05-05,13.718205006629384,18.909609371361856
2019-05-06,13.602457330078638,19.974247768882364
2019-05-07,13.798191862629043,19.644004834813867
2019-05-08,14.160232006164472,19.776991730424562
2019-05-09,14.614857080127337,19.700767461403586
2019-05-10,15.098474844897765,20.03088160544266
2019-05-11,17.053400179453387,22.47906717185011
2019-05-12,16.503318464189295,21.67166455469479
2019-05-13,18.497584774554046,22.773143650794506
2019-05-14,18.922456344945992,25.121915907572948
2019-05-15,19.421296150731052,28.59313546882516
2019-05-16,18.663258069661463,30.543316720231786
2019-05-17,17.382701048049828,28.201123176539603
2019-05-18,17.210651966273826,27.140319574295273
2019-05-19,19.40359649495851,30.22889402162981
2019-05-20,18.884331535628586,29.138191643654796
2019-05-21,18.848871426536864,29.525921920533836
2019-05-22,18.17840366316134,28.30921443969056
2019-05-23,18.65600909188576,28.455765947546094
2019-05-24,18.905782087137975,28.862915213229968
2019-05-25,19.060042241928517,29.126096906388373
2019-05-26,20.529147918439335,30.897284300686437
2019-05-27,20.84291756349908,31.567476290399892
2019-05-28,20.639793082625612,31.440919209653323
2019-05-29,20.49665364242239,31.173327231316858
2019-05-30,19.691850785302446,29.600318982791084
2019-05-31,20.295495000710837,31.01805489488231
2019-06-01,20.270677014643734,30.703112077805393
2019-06-02,20.694224536878153,31.262388407163915
2019-06-03,19.430355295796105,29.224208663610273
2019-06-04,18.243978431490323,27.920481578094126
2019-06-05,18.519636310763346,28.581329444025062
2019-06-06,18.514409693737175,28.861683552500338
2019-06-07,19.03970414319971,29.03013068121598
2019-06-08,18.82709527099265,28.42943714113734
2019-06-09,18.19736434282797,26.965797590740333
2019-06-10,18.936453752288013,28.635600600855632
2019-06-11,18.76457589789798,28.43449700732567
2019-06-12,19.280911754506626,30.183900388168787
2019-06-13,19.482260345114764,29.63616481190259
2019-06-14,20.577946994938518,30.5522751412259
2019-06-15,20.920072992091804,31.12284249248952
2019-06-16,21.289585560949035,31.146429269495886
2019-06-17,22.06089273373906,31.739677536358094
2019-06-18,21.496161537276993,30.663846549098917
2019-06-19,21.950047051899634,31.170561790772577
2019-06-20,22.5503992149784,31.432393597518978
2019-06-21,24.01175118469688,34.11816705890972
2019-06-22,25.330465296143586,35.792204175240286
2019-06-23,25.69421958206361,35.612593017520666
2019-06-24,26.06282951967069,35.91302662030103
2019-06-25,27.908617590067784,36.80402936651008
2019-06-26,30.808888621667833,38.9589727242175
2019-06-27,26.46924548505969,34.04382066967757
2019-06-28,29.36764780550022,36.005744530069656
2019-06-29,28.30734237359419,37.02761234009107
2019-06-30,25.60376525053923,33.63061697017285
2019-07-01,25.049846920918007,33.971337689151945
2019-07-02,25.56713022797645,33.734789089286345
2019-07-03,28.31183572549787,35.06563168031051
2019-07-04,26.54648235060932,32.91648724767865
2019-07-05,25.98556606393884,33.31843036909893
2019-07-06,26.53018180627465,33.26632388511089
2019-07-07,27.103686323426558,35.36649444528649
2019-07-08,29.080361025892444,36.240051530191316
2019-07-09,29.761701393518123,35.734441487478904
2019-07-10,28.773968614419367,33.550365066050496
2019-07-11,26.885488187816126,31.086367472265568
2019-07-12,27.967957619367404,31.96244969074967
2019-07-13,26.96529633054284,31.173686886041448
2019-07-14,24.275670817792097,26.32850454245626
2019-07-15,25.788231344996877,26.58278246691852
2019-07-16,22.433191404179638,23.044135692201312
2019-07-17,22.944834905233193,24.466693072169306
2019-07-18,25.24712901099701,26.21143649819422
2019-07-19,24.925813781388065,25.60606111972609
2019-07-20,25.485379243770485,26.506800283017697
2019-07-21,25.08764933411664,26.103221193393757
2019-07-22,24.48170962278042,25.169516379973963
2019-07-23,23.434713279659633,24.610560513736537
2019-07-24,23.22442831706794,25.110092004736053
2019-07-25,23.46092558710207,25.407603460254176
2019-07-26,23.362605117208677,25.408946381550383
2019-07-27,22.43327575256728,23.995065981804444
2019-07-28,22.611230266703657,24.432169921382457
2019-07-29,22.531429371605814,24.441599343856772
2019-07-30,22.74037925262566,24.355357736197867
2019-07-31,23.872268726321924,25.29609575973457
2019-08-01,24.6155925346874,25.19825645694912
2019-08-02,24.8960896288205,25.20555862211169
2019-08-03,25.6145844129233,25.739904494125614
2019-08-04,25.965977734783532,25.760658273418514
2019-08-05,27.943499921996846,27.096333950833678
2019-08-06,27.168357779294556,26.148326549371482
2019-08-07,28.266151045825726,26.191173248620323
2019-08-08,28.323997312542115,25.560761284133257
2019-08-09,28.079086524222937,24.351460108647352
2019-08-10,26.87451133364391,23.917000347184732
2019-08-11,27.27584147003788,24.999781998596635
2019-08-12,26.942186810253254,24.443913835350987
2019-08-13,25.789985376276245,24.145546659276228
2019-08-14,23.791972435908402,21.58864755732949
2019-08-15,24.407006642370952,21.80780129270426
2019-08-16,24.555637280398972,21.453560086799094
2019-08-17,24.218119555133846,21.48220560502434
2019-08-18,24.48811037994476,22.500954441744035
2019-08-19,25.83785341905713,23.495703482527144
2019-08-20,25.4761317895908,22.740649934029378
2019-08-21,23.99634852524389,21.621490706336072
2019-08-22,23.97979578141346,22.135302573247145
2019-08-23,24.635228605408454,22.525559162817828
2019-08-24,24.0482114011735,22.13028744287366
2019-08-25,23.9974569958761,21.615794382547076
2019-08-26,24.547307509530647,21.857237345510416
2019-08-27,24.10866202545114,21.69380052405261
2019-08-28,23.088321266873272,20.1173291461413
2019-08-29,22.510256047368355,19.611389176403918
2019-08-30,22.718484789765423,19.532504884135257
2019-08-31,22.795387764059235,19.953028008707722
2019-09-01,23.096716977009894,19.855805745768073
2019-09-02,24.490359969149903,20.633003407042
2019-09-03,25.145485319472638,20.766274615775792
2019-09-04,25.076732817046494,20.36061487894848
2019-09-05,25.03185510711899,20.15517751840914
2019-09-06,24.50584406312182,19.662228025397432
2019-09-07,24.89391227920814,20.623200161290118
2019-09-08,24.714073552696878,20.981018620706
2019-09-09,24.462461497844966,20.957179933491457
2019-09-10,23.94410130201666,20.799575956141453
2019-09-11,24.09179031612516,20.67675030594625
2019-09-12,24.640344726273096,20.941749677872252
2019-09-13,24.522992014804355,20.952581937719554
2019-09-14,24.517079078213076,21.76192423891679
2019-09-15,24.49261358573601,21.956702384761197
2019-09-16,24.324750400203985,22.804021359812566
2019-09-17,24.24067267339294,24.13394387564119
2019-09-18,24.138837221727513,24.456057921686266
2019-09-19,24.300184688783602,25.599980172999036
2019-09-20,24.099528899894864,25.226208528800722
2019-09-21,23.716260463898625,24.933067908174344
2019-09-22,23.83620658266556,24.47368346831347
2019-09-23,23.028911755014875,23.36027448670329
2019-09-24,20.40452844838486,19.448729257185708
2019-09-25,20.08836553832769,19.770574047738222
2019-09-26,19.21726444611498,19.28865922774563
2019-09-27,19.53178121737559,20.21231288125329
2019-09-28,19.517744196629163,20.19633595862042
2019-09-29,19.182276311372977,19.72554638638068
2019-09-30,19.631246007698554,20.80941304376035
2019-10-01,19.748194951396012,20.516511232723456
2019-10-02,19.865986586227944,20.906396520017136
2019-10-03,19.55106346342347,20.26880992307812
2019-10-04,19.423122842850926,20.47539353262618
2019-10-05,19.29426863622062,20.40210576521855
2019-10-06,18.90763871343259,20.021210588836514
2019-10-07,19.517052519617742,20.96144494385784
2019-10-08,19.477193448053015,21.05807274986895
2019-10-09,20.345764876810204,22.36209492109723
2019-10-10,20.32383170612046,22.173105430990816
2019-10-11,19.697258062733162,21.121485676427813
2019-10-12,19.732285655157323,20.919832029638208
2019-10-13,19.695480559030145,21.06427247701187
2019-10-14,19.82254058228044,21.629505240358302
2019-10-15,19.421773852885185,20.986865084649164
2019-10-16,19.048167217372015,20.363001225957742
2019-10-17,19.181627048825394,20.59609768791231
2019-10-18,18.87225619425541,20.08625104332019
2019-10-19,18.908596109418614,20.00430608052969
2019-10-20,19.461323241600024,20.307569790162077
2019-10-21,19.51255105105615,20.236607166173044
2019-10-22,19.120777141951017,19.933483952893017
2019-10-23,17.786921562198785,18.788376760170326
2019-10-24,17.736781601219736,18.761276706448644
2019-10-25,20.49952448246825,21.000418687024812
2019-10-26,21.882471416064547,20.80516451135051
2019-10-27,22.60851898055636,21.314979430855345
2019-10-28,21.908924977615644,21.132259388810905
2019-10-29,22.3149512423082,22.02073127050568
2019-10-30,21.789578567213237,21.36703450128667
2019-10-31,21.775041351904797,21.28313070903364
2019-11-01,21.920655540076034,21.283476025025276
2019-11-02,22.071225885042995,21.278364253597776
2019-11-03,21.859707590866616,21.104748813905875
2019-11-04,22.279267646236843,21.559430006713377
2019-11-05,22.113380045110876,21.900597444653776
2019-11-06,22.15682021289458,22.16548944632047
2019-11-07,21.93593849939956,21.747004312317028
2019-11-08,20.840792845495347,21.3114230072115
2019-11-09,20.861389573351378,21.40597086189451
2019-11-10,21.434060117660415,21.92062380324097
2019-11-11,20.729327586752373,21.45929515262028
2019-11-12,20.866312972568828,21.615912262663453
2019-11-13,20.84879757687228,21.77965219964417
2019-11-14,20.611705228245675,21.518295871696235
2019-11-15,20.100198062381388,20.884493464802638
2019-11-16,20.23930080583444,21.211569693846606
2019-11-17,20.30371813043664,21.41644235627763
2019-11-18,19.667740358329542,20.888938742500343
2019-11-19,19.423612038532557,20.529830133429762
2019-11-20,19.000215892329226,20.32653943685079
2019-11-21,18.090076793443384,18.679620967821286
2019-11-22,17.27070092504229,17.384523076083024
2019-11-23,17.510282746229315,17.748902672152166
2019-11-24,16.682131241376574,16.524545064208937
2019-11-25,16.91460691491303,16.945868831069543
2019-11-26,17.08558996487668,17.23376689585927
2019-11-27,17.82714006038988,17.701789113001087
2019-11-28,17.66486722095568,17.552204495449832
2019-11-29,18.37054643695728,17.967134963950194
2019-11-30,17.917005160918,17.647315242551798
2019-12-01,17.57299639305729,17.49067539398833
2019-12-02,17.330846644248062,17.244651763531042
2019-12-03,17.32648518115358,17.11707607697031
2019-12-04,17.165269506311077,16.977244201747368
2019-12-05,17.629839521852663,17.266614570658227
2019-12-06,17.863432770529638,17.260304049989216
2019-12-07,17.88530663554342,17.21098715602088
2019-12-08,17.904496447434564,17.49981443632513
2019-12-09,17.517626332474087,17.14816817376821
2019-12-10,17.227012101929088,16.921632973990544
2019-12-11,17.083355036782102,16.614007777101847
2019-12-12,17.14420304114207,16.844926406246238
2019-12-13,17.207046271242692,16.76865562672598
2019-12-14,16.863812132440852,16.528539354563186
2019-12-15,16.92920618152269,16.55697162177844
2019-12-16,16.408897782342603,15.457805683845814
2019-12-17,15.717828218457257,14.184042491790422
2019-12-18,17.223894786381067,15.3974345315844
2019-12-19,17.048838259773298,14.96116012786933
2019-12-20,17.08664338586214,14.931649921262238
2019-12-21,17.021178225019877,14.823468143883405
2019-12-22,17.779624297154914,15.31417534520935
2019-12-23,17.410471514725508,14.87936255678593
2019-12-24,17.332135090121145,14.93140037425348
2019-12-25,17.219996305227184,14.629535654145034
2019-12-26,17.13433912305982,14.618728512445424
2019-12-27,17.255341607924795,14.717456958394017
2019-12-28,17.321383356201377,14.845653130858267
2019-12-29,17.569115346545672,15.590149874943497
2019-12-30,17.26222131619292,15.344366895976012
2019-12-31,17.02695481079996,14.994678926427145
2020-01-01,17.042518547763112,15.132482900289338
2020-01-02,16.534322025627308,14.740082621957736
2020-01-03,17.385040708618423,15.522323966819997
2020-01-04,17.54072125137149,15.626174101720414
2020-01-05,17.542285244093865,15.765858823904711
2020-01-06,18.38942397119591,16.69454598259546
2020-01-07,19.32312591611279,16.60660361571135
2020-01-08,19.124705003624236,16.342152043288316
2020-01-09,18.64944031454141,16.07850175858787
2020-01-10,19.329899918707977,16.655168292675842
2020-01-11,19.02452253985933,16.53523633058399
2020-01-12,19.391298518947686,16.876153522169645
2020-01-13,19.276975604925997,16.6855727698264
2020-01-14,20.89495764409655,19.199373643514637
2020-01-15,20.845833417426967,19.23122616228179
2020-01-16,20.648844404251644,19.018394283922387
2020-01-17,21.13466729189384,19.75753149004029
2020-01-18,21.167263220142534,20.2880526364347
2020-01-19,20.607326436122637,19.31673921292792
2020-01-20,20.492287037345886,19.33416991817741
2020-01-21,20.701175557246128,19.632263058102193
2020-01-22,20.54727884223749,19.469949748636772
2020-01-23,19.897879994685788,18.84920316306699
2020-01-24,19.989997816142676,18.86338958239503
2020-01-25,19.806353722140894,18.658936852990728
2020-01-26,20.34834489999597,19.444837938441683
2020-01-27,21.089177887604766,19.774992866209885
2020-01-28,22.151400835474096,20.40428047659713
2020-01-29,22.052081306853385,20.251571702485574
2020-01-30,22.507399247390328,21.36683922213804
2020-01-31,22.132320891861234,20.842728725635528
2020-02-01,22.232552151009426,21.249236956675688
2020-02-02,22.11773078472067,21.821160951456505
2020-02-03,21.997384632013155,21.965487112970383
2020-02-04,21.730964155627856,21.894400144802514
2020-02-05,22.75458243305121,23.627394801118665
2020-02-06,23.030044267182383,24.56550584003911
2020-02-07,23.186598591906574,25.76717620113341
2020-02-08,23.35033463865917,25.815818688061004
2020-02-09,23.945753363039657,26.444252291028967
2020-02-10,23.330196608500362,25.859338703625372
2020-02-11,24.162478063275213,27.28562272041434
2020-02-12,24.441349078732436,30.70483185981983
2020-02-13,24.177018773493497,31.016400033230834
2020-02-14,24.40835737576778,32.881120613906525
2020-02-15,23.407863957546994,30.62644716724963
2020-02-16,23.514397857580686,30.067215437191773
2020-02-17,22.936171583099064,30.81558422306089
2020-02-18,24.00569094963501,32.6181653118271
2020-02-19,22.80183308254302,30.052090040890683
2020-02-20,22.742869806744395,29.842169662959506
2020-02-21,22.92741047201287,30.727331991415603
2020-02-22,22.872356497756122,30.349153963337045
2020-02-23,23.49092197336788,31.670615353325434
2020-02-24,22.841569406897115,30.682884454269526
2020-02-25,22.11143437954167,28.67001457152899
2020-02-26,20.877815591089202,26.108947477419257
2020-02-27,20.792537955694968,26.233097847983114
2020-02-28,20.52734740777519,26.233919964531363
2020-02-29,20.354685478313115,25.434272040062886
2020-03-01,20.266978826234546,25.332706338199383
2020-03-02,20.994147160717308,26.674615566576854
2020-03-03,20.80033142212245,25.970045080674183
2020-03-04,20.72330924367179,25.974482258568678
2020-03-05,21.489060518448156,26.524034290527908
2020-03-06,21.592692573259576,28.173439294212997
2020-03-07,21.089496181996388,27.517221992868343
2020-03-08,19.19157991732659,23.217714285788556
2020-03-09,18.754943207769532,23.367795999738288
2020-03-10,18.72200623803652,23.226760684276154
2020-03-11,18.726031810339126,22.54433795202929
2020-03-12,11.765651827275144,12.997437533061072
2020-03-13,13.169066848096303,15.410115639396185
2020-03-14,12.30905443031795,14.265272652066647
2020-03-15,12.763388960520464,14.486041512242476
2020-03-16,11.869069186679575,12.795992600035783
2020-03-17,12.368850750093676,13.182035542008897
2020-03-18,12.399170038676141,13.286101326288483
2020-03-19,14.654300710741092,15.802541951908813
2020-03-20,14.672254694284375,15.356361770106522
2020-03-21,14.6397996842259,15.365794875108884
2020-03-22,13.799974848848494,14.267022249358028
2020-03-23,15.187154826195112,15.607922934752287
2020-03-24,15.941005326148202,16.053310073363374
2020-03-25,15.813803394537667,15.756501378072858
2020-03-26,15.897540306926793,16.007047072681615
2020-03-27,15.31374779321072,15.495278852770209
2020-03-28,14.775017795153238,15.153826176996626
2020-03-29,14.017234063251696,14.528780416996824
2020-03-30,15.219173097806708,15.375724571638608
2020-03-31,15.24000904255334,15.455438097125198
2020-04-01,15.6379694367938,15.691559893366998
2020-04-02,16.08023179379794,16.431350553911706
2020-04-03,15.937652789254953,16.43854210313232
2020-04-04,16.25515651086598,16.80042903690991
2020-04-05,16.074325862719277,16.606910237335068
2020-04-06,17.212008822331182,19.567328660217996
2020-04-07,16.986279853770952,19.100641945751825
2020-04-08,17.359511326592706,19.972920315569098
2020-04-09,17.283747466672853,19.760677046009274
2020-04-10,16.250342248512766,18.326734466816173
2020-04-11,16.23516907351148,18.304010068903768
2020-04-12,16.50028891785294,18.64256484441718
2020-04-13,16.201924501438317,18.079979345100913
2020-04-14,16.195747126610353,18.232325312514128
2020-04-15,15.72160268221923,17.733758982949986
2020-04-16,16.845184750586043,19.916885757317637
2020-04-17,16.796379097112194,19.856865777737877
2020-04-18,17.178596130760404,21.624079315310336
2020-04-19,17.01707475680225,21.0110326596455
2020-04-20,16.289314989980227,19.93305629709675
2020-04-21,16.285444493431523,19.98402270691355
2020-04-22,16.84613925270416,21.12494283459024
2020-04-23,17.58585462424772,21.405964928270652
2020-04-24,17.872674158974156,21.892819759391404
2020-04-25,17.91772924219171,22.619163022011747
2020-04-26,18.17793182957468,22.827662933729393
2020-04-27,18.451868602940344,22.81692586337381
2020-04-28,18.478988313091172,22.954673513449084
2020-04-29,20.83169673401996,25.101051472077977
2020-04-30,20.49444390596856,24.017479602045963
2020-05-01,20.98254076985622,24.78300610134812
2020-05-02,21.275639896848546,24.910991372466047
2020-05-03,21.059944361924348,24.4028546447716
2020-05-04,21.095889229477766,24.083649075249816
2020-05-05,21.309899195758682,23.921728624692783
2020-05-06,21.938781070876146,23.607211242742782
2020-05-07,23.5548381943064,24.559759060375132
2020-05-08,23.297189065679493,24.64099356504183
2020-05-09,22.708361507615134,24.48001600767967
2020-05-10,20.726114675642318,21.819082264735684
2020-05-11,20.360100092985768,21.508254096787407
2020-05-12,20.83983917725693,21.90156134078774
2020-05-13,21.94168207540187,23.04466880624843
2020-05-14,23.03932094781603,23.47917927417055
2020-05-15,22.07946163210483,22.63158322853647
2020-05-16,22.195009000999043,23.216333680792175
2020-05-17,22.890244890565842,23.966187107731493
2020-05-18,23.022405104004346,24.818401317720358
2020-05-19,23.028235171226076,24.694156713611154
2020-05-20,22.54050723522278,24.30608906933687
2020-05-21,21.496159575138883,23.12453216531072
2020-05-22,21.734785732740942,23.967401886283763
2020-05-23,21.798006997766883,24.143853208766092
2020-05-24,20.806441833593578,23.412223715718515
2020-05-25,21.082350592545954,23.753439668834325
2020-05-26,20.912209544505604,23.35807606084365
2020-05-27,21.73109429369205,24.163407885037493
2020-05-28,22.54706356508409,25.433337123114313
2020-05-29,22.342021696181465,25.529902741591393
2020-05-30,22.960483693902223,28.036958708896304
2020-05-31,22.393939826665466,26.72157633488473
2020-06-01,24.065508103456054,28.57447408193042
2020-06-02,22.556656978318717,27.443870664108065
2020-06-03,22.857056322260654,28.249103359103287
2020-06-04,23.197706311675223,28.277686135986535
2020-06-05,22.87792112341086,27.906969618561465
2020-06-06,22.849864312410062,27.98903180920818
2020-06-07,23.098804870076435,28.363397559794365
2020-06-08,23.128716289491848,28.495589501362307
2020-06-09,23.186022052971246,28.33380344520484
2020-06-10,23.36211022184211,28.626902865155373
2020-06-11,22.06427539210453,26.805679320310116
2020-06-12,22.440769808676503,27.475586930147355
2020-06-13,22.42759424642315,27.639361440271507
2020-06-14,22.218143343447053,27.084726558109477
2020-06-15,22.369425393899874,26.60047215867006
2020-06-16,22.576113916341658,27.119604647749895
2020-06-17,22.439377035032074,26.959039134051338
2020-06-18,22.27744175244495,26.851780995698167
2020-06-19,21.984360739861888,26.27762628956812
2020-06-20,22.08926921142338,26.524736289515385
2020-06-21,22.02131133431623,26.491829858431792
2020-06-22,22.838120281194765,28.058662492269264
2020-06-23,22.793007829491614,28.244802035268957
2020-06-24,22.044935088525577,27.276513590302695
2020-06-25,21.929433860304297,26.949345147313522
2020-06-26,21.68825151969456,26.570292977824106
2020-06-27,21.410070748717757,25.79421522479941
2020-06-28,21.64248538770396,26.07041147983527
2020-06-29,21.754376927573674,26.399861661557196
2020-06-30,21.629256948317302,26.182379597589343
2020-07-01,21.843069550515725,26.737509259226435
2020-07-02,21.594739001131234,26.53838132099535
2020-07-03,21.50927699876914,26.0750269117082
2020-07-04,21.616225773742865,26.501581574589892
2020-07-05,21.477651959143987,26.3385149632956
2020-07-06,22.191365620215024,27.94031533332645
2020-07-07,21.899762751243593,27.6586452876665
2020-07-08,22.3164791167017,28.537251409945288
2020-07-09,21.960570884247954,28.114514690820254
2020-07-10,21.962559037088667,27.879550333238623
2020-07-11,21.87152214210255,27.702913900179265
2020-07-12,21.957096055120953,28.012213203980522
2020-07-13,21.879256248650698,27.719851829704304
2020-07-14,21.878308426682995,27.790065164340362
2020-07-15,21.75907037834443,27.583215254947586
2020-07-16,21.615610157069657,27.029911229813997
2020-07-17,21.660971453553724,26.929515757990014
2020-07-18,21.67907316569141,27.24311887990177
2020-07-19,21.742453247260805,27.59061904022993
2020-07-20,21.691361137915145,27.320557419017504
2020-07-21,22.18997566803322,28.345982670060533
2020-07-22,22.546146025849534,30.33283419180156
2020-07-23,22.678005914211088,31.77877311438803
2020-07-24,22.573435255506972,32.30242770452445
2020-07-25,22.90533218649069,35.17632341563429
2020-07-26,23.445126092606436,35.82266581134379
2020-07-27,26.014948188071138,37.19596138567697
2020-07-28,25.830206200856793,36.63407409985605
2020-07-29,26.27435442466925,36.81149997837933
2020-07-30,26.299790157128378,38.7083235243206
2020-07-31,26.802182276909342,39.97721364243437
2020-08-01,27.834475524769793,44.56375136420234
2020-08-02,26.16345239047978,42.883006295069116
2020-08-03,26.619647960763952,44.69048443857634
2020-08-04,26.523890600500103,45.10469066032586
2020-08-05,27.80472299165212,46.460010591961236
2020-08-06,27.882241912099857,45.69314455228711
2020-08-07,27.46021181366097,43.90583809643736
2020-08-08,27.821346103757442,45.58039527744701
2020-08-09,27.63599788883934,45.24872120383796
2020-08-10,28.115004100169465,45.800228636324135
2020-08-11,27.00824798002127,44.006628747448154
2020-08-12,27.42106671591005,45.23758108101336
2020-08-13,27.892571634437434,49.60113215695168
2020-08-14,27.856435813260614,50.60255132534842
2020-08-15,28.08562361562976,50.1348267610796
2020-08-16,28.149781210113694,50.184768219139265
2020-08-17,29.00566853276881,49.69246593873237
2020-08-18,28.382759062718048,49.01429854759829
2020-08-19,27.831376752524037,47.023791103269595
2020-08-20,28.11562020969091,48.17791536776177
2020-08-21,27.438947834604626,45.018023260173656
2020-08-22,27.650403720495007,45.79416320767378
2020-08-23,27.610218512021948,45.279268555348594
2020-08-24,27.869987180006362,47.21819891250133
2020-08-25,26.903177253813503,44.42507651717148
2020-08-26,27.19248690036869,44.710261731772206
2020-08-27,26.80201803763884,44.26676507355649
2020-08-28,27.320625176893454,45.79873584038229
2020-08-29,27.23627997139204,46.26691066071815
2020-08-30,27.720656484700758,49.56109593705406
2020-08-31,27.648024756617325,50.33437102604907
2020-09-01,28.33363399729282,55.190131947828284
2020-09-02,27.0165514028473,50.90828148435031
2020-09-03,24.250198574988318,44.61838122339751
2020-09-04,24.881033883443127,44.91561333722275
2020-09-05,24.07095002606761,38.786234924054675
2020-09-06,24.333172368154433,40.88047669610064
2020-09-07,24.54433361023785,40.80079279523388
2020-09-08,23.980885869294244,39.057184675333
2020-09-09,24.243218635705382,40.619914016171165
2020-09-10,24.52912661143787,42.585705649502216
2020-09-11,24.618540020136432,43.34852861212227
2020-09-12,24.716191091382175,44.793209765178055
2020-09-13,24.43590808562573,42.29278993160311
2020-09-14,25.281105724005425,43.646232077737
2020-09-15,25.55594175960996,42.208245212645124
2020-09-16,25.977151381488614,42.320820027444285
2020-09-17,25.915811691619034,45.00562931967269
2020-09-18,25.905387341569007,44.46712970595726
2020-09-19,26.259864257786237,44.603625570913586
2020-09-20,25.890441142374108,42.92709745012902
2020-09-21,24.763740969883177,39.541227212852114
2020-09-22,24.94410491941904,39.855567123929205
2020-09-23,24.25230471134505,37.14994328138211
2020-09-24,25.468637112604526,40.41694386786112
2020-09-25,25.309224676701618,40.74407577641446
2020-09-26,25.4465233761886,41.12641333161951
2020-09-27,25.504622275104555,41.35205588132339
2020-09-28,25.34930905723645,41.088389875394626
2020-09-29,25.66882202908137,41.62032901431922
2020-09-30,25.526450849680803,41.6412087239007
2020-10-01,25.135808694558825,40.86238846691327
2020-10-02,25.03290073003923,40.05637619423177
2020-10-03,24.969830400150897,40.08913635059511
2020-10-04,25.254465860426368,40.78986147328816
2020-10-05,25.547393348016143,40.94925507273234
2020-10-06,25.10019538282998,39.428981467352344
2020-10-07,25.25301352298908,39.543841218902635
2020-10-08,25.836982048567638,40.58013318180899
2020-10-09,26.1891189650547,42.295158358233046
2020-10-10,26.73802586732515,42.91723626706193
2020-10-11,26.94589346186684,43.40017964047241
2020-10-12,27.351071737933704,44.8566259138188
2020-10-13,27.044636954578387,44.09995504900451
2020-10-14,27.053175726636443,43.902504243094896
2020-10-15,27.209022857417235,43.666243053026335
2020-10-16,26.799001712213094,42.3690310497141
2020-10-17,26.884162253594553,42.67293975475267
2020-10-18,27.18064316289343,43.75553862685651
2020-10-19,27.79292208877595,43.954746528851224
2020-10-20,28.20547830889593,42.70544569509067
2020-10-21,30.35314826278677,45.37245303636497
2020-10-22,30.689734824789927,47.86939305088517
2020-10-23,30.60842441056961,47.40590412572396
2020-10-24,31.02624853209863,47.71721746324266
2020-10-25,30.844257065604168,46.99532841305789
2020-10-26,30.948576969178323,45.56893468756786
2020-10-27,32.31897705916539,46.7384137741042
2020-10-28,31.412590127712534,44.96300346277957
2020-10-29,31.806920484475047,44.74080264976255
2020-10-30,32.06406462409852,44.28844073454412
2020-10-31,32.61905129140001,44.72463171015883
2020-11-01,32.515177588381235,45.85467436078733
2020-11-02,32.07345462252201,44.32739824744682
2020-11-03,33.01979201733488,44.84169123628266
2020-11-04,33.45390724795506,46.52380345069185
2020-11-05,36.876864624773106,47.903445877441015
2020-11-06,36.84380322489785,52.606469777546764
2020-11-07,35.1108897813546,50.40764789256747
2020-11-08,36.63950259727294,52.471748234452164
2020-11-09,36.29096445397639,51.385219270451486
2020-11-10,36.192941774288734,52.023430505754796
2020-11-11,37.16442950096589,53.559898449038826
2020-11-12,38.5254409842541,53.33369483412368
2020-11-13,38.62358514800098,54.909525504909645
2020-11-14,38.0326276840792,53.234729637636036
2020-11-15,37.766223432251984,51.778106900035326
2020-11-16,39.56635238850255,53.210489789830866
2020-11-17,41.76595436048939,55.57285276036675
2020-11-18,42.14135375897038,55.47150684553488
2020-11-19,42.17232450883978,54.56291815384469
2020-11-20,44.07589014008846,58.97234417870682
2020-11-21,44.1254031298783,63.570101226632715
2020-11-22,43.481045271269075,64.5628919037212
2020-11-23,43.467125344819465,70.39203998708871
2020-11-24,45.22658751352946,69.86492370698161
2020-11-25,44.338164379695215,66.02272845947486
2020-11-26,40.59482513784952,60.02010219842276
2020-11-27,40.4948877434947,59.86883913408038
2020-11-28,41.93639729771696,62.26779981014029
2020-11-29,43.025360419852,66.60944233570532
2020-11-30,46.453549492172726,71.13112472525134
2020-12-01,44.505928578499166,67.94752885933602
2020-12-02,45.44819810335502,69.2233760036264
2020-12-03,46.02646355290389,71.34702918233455
2020-12-04,44.261581028651214,65.86858095216323
2020-12-05,45.33728233684975,69.0201240227023
2020-12-06,45.78911075820121,69.63484482796932
2020-12-07,45.42580697767249,68.4703541572526
2020-12-08,43.3654013108201,64.18801721817992
2020-12-09,43.91635947907402,66.34579222442417
2020-12-10,43.23248990571538,64.74919973678332
2020-12-11,42.744686234002316,63.143288482985895
2020-12-12,44.50748738857516,65.77754684702052
2020-12-13,45.309237190767966,68.21813183600331
2020-12-14,45.55602062926904,67.79562383587123
2020-12-15,45.95942547954843,68.18254327574458
2020-12-16,50.441314903408134,73.59987119468414
2020-12-17,53.97888530397892,74.37350384429924
2020-12-18,54.76660710148035,75.7551847425407
2020-12-19,56.49891680324234,76.27416998429455
2020-12-20,55.569798316481574,73.84386111579614
2020-12-21,53.97396183150409,70.549822978269
2020-12-22,56.29345655724695,73.44627547308974
2020-12-23,55.01131352266606,67.52993540349475
2020-12-24,56.18202302013525,70.75682884366739
2020-12-25,58.380550635998496,72.46944729926525
2020-12-26,62.575387417149656,73.55984039798614
2020-12-27,62.18544760566944,78.97488714403266
2020-12-28,64.10863342837308,84.49966324064302
2020-12-29,64.76576914719956,84.6295546283525
2020-12-30,68.265358139891,86.9547907377659
2020-12-31,68.64588564478395,85.35646710214762
2021-01-01,69.5274171274317,84.49621617643214
2021-01-02,76.04393031024233,89.60594207882336
2021-01-03,77.59371225162565,112.85647213245893
2021-01-04,75.67621275227769,120.34455011503375
2021-01-05,80.45869113348313,127.2596937517257
2021-01-06,87.16176570686135,139.65080128829044
2021-01-07,93.18964832632402,141.79869017310216
2021-01-08,96.5662773529343,141.62735445717044
2021-01-09,95.28086653268058,148.20781794800226
2021-01-10,90.78812485109346,146.02930288966078
2021-01-11,84.18482115640028,126.11890643384281
2021-01-12,80.29426141236065,120.7149357316712
2021-01-13,88.32629774220914,130.81522924121518
2021-01-14,92.75480424673535,140.9628119049856
2021-01-15,87.16413607730455,135.56953344746364
2021-01-16,85.63217633541693,142.7079479497465
2021-01-17,84.7164922056292,142.3186168907328
2021-01-18,86.70189222919696,145.4546520479376
2021-01-19,85.3757577173618,159.33934101741414
2021-01-20,84.14007366380643,159.91527502886788
2021-01-21,72.9631686513708,129.7545275594218
2021-01-22,78.12329354944107,143.05208389308473
2021-01-23,75.90280023670373,142.41329337602443
2021-01-24,76.4276384049923,160.9952773166767
2021-01-25,76.60992967277932,153.2215313481842
2021-01-26,77.09150291264223,156.99804152190924
2021-01-27,72.03259528953217,144.9812058855506
2021-01-28,79.21288246588956,154.15601336602583
2021-01-29,81.22548720660218,159.94404922432483
2021-01-30,81.11455704259458,159.20279182353764
2021-01-31,78.38033154843919,152.13074257003296
2021-02-01,79.38112701324998,158.3842770054523
2021-02-02,84.05140299968866,175.2927508261345
2021-02-03,88.69490595385327,192.15060695740084
2021-02-04,87.40248558114887,184.49807884361033
2021-02-05,90.28601555180352,198.8307008216666
2021-02-06,92.94104277830164,194.11008358626594
2021-02-07,92.08285616780283,186.74999943031514
2021-02-08,109.34514177510304,202.06608438225163
2021-02-09,110.01887424568436,204.54395194992546
2021-02-10,106.31950708128285,201.79150378592612
2021-02-11,113.39942909189755,206.36756558041768
2021-02-12,112.4420414338525,213.2782651909462
2021-02-13,111.49683485956511,209.87434922632312
2021-02-14,115.31183506563312,208.83015382660685
2021-02-15,113.48399021593208,205.9039990110771
2021-02-16,116.45408488531322,206.05167718394
2021-02-17,123.43456973398278,213.84811756130162
2021-02-18,122.32396684704534,224.14348353005573
2021-02-19,132.28492852052537,226.77143798707093
2021-02-20,132.78527251167986,222.0708680312881
2021-02-21,136.19469525435437,223.9296657305022
2021-02-22,128.30650901019965,206.15874807920255
2021-02-23,115.5654231568856,181.65687514086588
2021-02-24,117.6504927187772,188.17852577581067
2021-02-25,111.4692255750902,170.7241491629247
2021-02-26,109.68431841148926,167.29161736971395
2021-02-27,109.32617664747048,168.90427457619498
