date,percent_change_bit,percent_change_eth
2016-04-11,,
2016-04-12,-0.0032547831911062808,-0.14866139647374976
2016-04-13,-0.01346449716032394,0.07086353693403535
2016-04-14,0.0011203981496776816,0.042443019106755075
2016-04-15,0.013784709212170787,-0.016239601381442204
2016-04-16,,
2016-04-17,,
2016-04-18,-0.0037519716648755086,-0.035877847719517186
2016-04-19,0.013056757095958993,-0.038622380575411897
2016-04-20,0.012739839644428264,-0.02934378615017208
2016-04-21,0.023400181629962158,-0.03775760546135909
2016-04-22,-0.008253828232278382,-0.034718773457855456
2016-04-23,,
2016-04-24,,
2016-04-25,0.00807300412925438,-0.05405485701895041
2016-04-26,0.008232823294920477,-0.022695261043375714
2016-04-27,-0.04756759780211317,0.04741488517117154
2016-04-28,0.01895447860082433,-0.06647048088115393
2016-04-29,0.018617314596509504,0.04476455475411234
2016-04-30,,
2016-05-01,,
2016-05-02,-0.023756877308770963,0.14102851157601193
2016-05-03,0.02134902750515577,-0.07514830704217101
2016-05-04,-0.002017738437634753,0.016945051211905926
2016-05-05,0.0030460723030579784,0.044039692024545496
2016-05-06,0.022779844005763605,-0.05196924229239541
2016-05-07,,
2016-05-08,,
2016-05-09,0.0034663631302678244,-0.02028327407572661
2016-05-10,-0.033305309854626985,-0.00562292072142756
2016-05-11,0.01362681581409142,0.07736676957652333
2016-05-12,0.004671122681924267,0.006323883098615202
2016-05-13,0.010466114720754982,0.05310032202706694
2016-05-14,,
2016-05-15,,
2016-05-16,-0.017238202514580303,0.11155520729169366
2016-05-17,0.008574605917352929,0.10138809676170091
2016-05-18,0.0016371298094162157,0.11126485036498823
2016-05-19,-0.031276398030395614,0.09303007534008989
2016-05-20,0.0030091473838456118,-0.08280506815747257
2016-05-21,,
2016-05-22,,
2016-05-23,0.013084187726059238,-0.0556350105976523
2016-05-24,-0.009570221280113644,-0.06785069733943816
2016-05-25,0.001137728928444215,-0.02317761893353043
2016-05-26,0.008629093129768894,-0.007421663462822248
2016-05-27,0.04000226157620945,-0.09556307773836026
2016-05-28,,
2016-05-29,,
2016-05-30,,
2016-05-31,-0.003636470819543991,0.10725027122821451
2016-06-01,0.009279287198586061,-0.006519532889796564
2016-06-02,-0.0008653834919036818,-0.021644138029706106
2016-06-03,0.06094820559885328,0.010824099632445572
2016-06-04,,
2016-06-05,,
2016-06-06,0.013468681147842831,-0.00782393811083526
2016-06-07,-0.016557500594518437,0.040184329150209974
2016-06-08,0.005445419859099854,-0.009807544519459976
2016-06-09,-0.01034295181159084,0.0003929204593067226
2016-06-10,0.014117473825579818,-0.024855848702171834
2016-06-11,,
2016-06-12,,
2016-06-13,0.05507227892864752,0.12619411691881588
2016-06-14,-0.024915473173911407,0.07511154610441673
2016-06-15,0.01483733362986761,-0.02668282992895077
2016-06-16,0.10031149219302993,0.11859873332297632
2016-06-17,-0.019446997085548978,-0.2498821572165688
2016-06-18,,
2016-06-19,,
2016-06-20,-0.040575980744806506,-0.0380701180338332
2016-06-21,-0.09844128024778331,0.12121198228093255
2016-06-22,-0.1041546689032935,-0.014250128259483685
2016-06-23,0.03337345949984938,0.031011316127014243
2016-06-24,0.10214341528242643,0.08387901384009233
2016-06-25,,
2016-06-26,,
2016-06-27,0.05926170711700007,0.020529682018153972
2016-06-28,-0.030397034357515618,-0.14081197526055134
2016-06-29,-0.02802329687992866,0.018743847977017447
2016-06-30,0.038704855997037324,-0.025435416058133486
2016-07-01,0.0024459212270264707,-0.02297343960146403
2016-07-02,,
2016-07-03,,
2016-07-04,,
2016-07-05,-0.012218876619425778,-0.06808928112094204
2016-07-06,0.004643588219046313,-0.013127607063902591
2016-07-07,-0.05341356115988505,-0.038971210763883546
2016-07-08,0.025275121819325896,0.1118758722387263
2016-07-09,,
2016-07-10,,
2016-07-11,-0.006028095776483555,-0.0480394626657229
2016-07-12,0.019072368842243614,-0.0015498606245314406
2016-07-13,-0.01530741118049117,-0.0016182087294916991
2016-07-14,0.00025673577443408035,0.09118386455543481
2016-07-15,0.008795794351177832,0.03900699894611925
2016-07-16,,
2016-07-17,,
2016-07-18,-0.011732376658441401,-0.013521630855198974
2016-07-19,0.001075702830955927,0.054424038193130686
2016-07-20,-0.014939646494681824,0.0672929041799819
2016-07-21,0.0026015349329960857,0.019683994647706538
2016-07-22,-0.026197140701331723,0.15442543105389883
2016-07-23,,
2016-07-24,,
2016-07-25,-0.007858276029442002,0.08823827153730057
2016-07-26,-0.003858961694044205,-0.1337852440751428
2016-07-27,0.005138554713571275,0.08321205515195673
2016-07-28,-0.0005624627321065834,-0.011565515945118676
2016-07-29,0.0013563831445351227,-0.005446478554214207
2016-07-30,,
2016-07-31,,
2016-08-01,-0.02819974916047685,-0.07740218319516812
2016-08-02,-0.09063603942593934,-0.19053098178706196
2016-08-03,0.03137046365335783,0.16832064547297243
2016-08-04,0.020859037226805155,0.07253927739843169
2016-08-05,-0.014216503714032935,-0.01923481929851867
2016-08-06,,
2016-08-07,,
2016-08-08,-0.0018532104772517322,0.03149838868545696
2016-08-09,-0.005893460532612305,0.08843763110100089
2016-08-10,0.010183492463807786,-0.00539221468563067
2016-08-11,-0.009772594552599156,-0.04198175530434767
2016-08-12,-0.0018536200670313807,0.008289037320902803
2016-08-13,,
2016-08-14,,
2016-08-15,-0.008460259639475165,-0.0006848883247554394
2016-08-16,0.02345918364411681,-0.0015361897153881587
2016-08-17,-0.00918192335231649,-0.03660018922456598
2016-08-18,-0.0002771263454364181,-0.0018927247775055722
2016-08-19,0.003724785163543465,0.0007523753219975671
2016-08-20,,
2016-08-21,,
2016-08-22,0.009930040474387059,-0.00465182344053805
2016-08-23,-0.007640722110437759,-0.010071661493444739
2016-08-24,-0.00030116625158305155,0.005729901379084801
2016-08-25,-0.002807622769577134,0.030488082789772553
2016-08-26,0.004850122308726945,-0.0038801720694171538
2016-08-27,,
2016-08-28,,
2016-08-29,-0.004888333237861975,-0.0002415580334385048
2016-08-30,0.007869054756795002,0.02426847157205514
2016-08-31,-0.001141086950082637,0.04187213418427127
2016-09-01,-0.005465338666418407,0.027670672612968072
2016-09-02,0.0014497683271481598,0.005644765199901425
2016-09-03,,
2016-09-04,,
2016-09-05,,
2016-09-06,0.003358595746580262,-0.005362812306852982
2016-09-07,0.006876023243782781,-0.011933281122269435
2016-09-08,0.021378698027001986,-0.015269335051073418
2016-09-09,0.019005759272035183,0.05157149587388532
2016-09-10,,
2016-09-11,,
2016-09-12,-0.012165212808068482,0.00725890536740792
2016-09-13,0.016471534190083847,0.016932666788260553
2016-09-14,0.002956186158643459,0.0009651872349804025
2016-09-15,-0.01588803036345099,-0.008951818522726862
2016-09-16,0.0034724793299262258,0.05561108224409328
2016-09-17,,
2016-09-18,,
2016-09-19,-0.0010422311431367293,0.06097822822255217
2016-09-20,-0.0018010556416240275,0.09381709155508644
2016-09-21,-0.029267933303299354,-0.056778905918543954
2016-09-22,-0.007924997623422247,-0.04433265654759522
2016-09-23,0.01671116848176135,0.01205491809749426
2016-09-24,,
2016-09-25,,
2016-09-26,0.020599700330288462,-0.012616785756388582
2016-09-27,-0.009531223573968295,0.01501701269247313
2016-09-28,-0.007668736006576582,0.008178587654052771
2016-09-29,0.010917006222925574,-0.005850355946596886
2016-09-30,-0.001294570344574808,0.0036129055191078674
2016-10-01,,
2016-10-02,,
2016-10-03,0.005292065225935949,0.022405026796253114
2016-10-04,0.0018042779392092312,-0.008082968841138682
2016-10-05,-0.0005159809951102989,-0.022471024848745746
2016-10-06,0.00035111239570984054,-0.014397196471255258
2016-10-07,0.009941618540675212,-0.011309719082625791
2016-10-08,,
2016-10-09,,
2016-10-10,-0.0009707616046212841,-0.029345282427848174
2016-10-11,0.04811405724619289,0.015015513360203014
2016-10-12,-0.008758868722541946,0.011394047352921266
2016-10-13,0.004032989594358938,0.00557135152320809
2016-10-14,0.005439159458785703,-0.0022747202115172005
2016-10-15,,
2016-10-16,,
2016-10-17,-0.0007616703997261887,0.007506027478889399
2016-10-18,-0.00808930718708456,0.042444382537322856
2016-10-19,-0.013854175106621236,-0.04714571403119017
2016-10-20,0.001910186716443607,0.007730428937239631
2016-10-21,0.0032083940583550463,0.006398614709288819
2016-10-22,,
2016-10-23,,
2016-10-24,-0.009787265581517102,-0.010316427455887789
2016-10-25,0.009651512407193086,-0.0425721638942419
2016-10-26,0.03324343323918466,0.012078604942709514
2016-10-27,0.017742656118601152,0.0001858753103023414
2016-10-28,0.005052141448249503,-0.03294482526902043
2016-10-29,,
2016-10-30,,
2016-10-31,-0.0011486706960315285,-0.016385210355917
2016-11-01,0.04790274525574956,-0.014316581434359543
2016-11-02,0.02164751306787205,0.005271530517375833
2016-11-03,-0.06594233695628204,0.008924616826277543
2016-11-04,0.022771081042548658,0.028487778540704167
2016-11-05,,
2016-11-06,,
2016-11-07,-0.034016518779448335,-0.028173758817949146
2016-11-08,0.00578108757004947,-0.00146823724926759
2016-11-09,0.007835437904083475,-0.027525696241156083
2016-11-10,-0.01265074908001429,-0.0142449281221797
2016-11-11,0.002623614610001601,-0.02089291500178947
2016-11-12,,
2016-11-13,,
2016-11-14,0.004374560018154616,-0.01325076047261231
2016-11-15,0.0018777940691350192,0.017705547537252064
2016-11-16,0.04736377645513312,-0.013920487548045646
2016-11-17,-0.009004449130022296,-0.01142835702399525
2016-11-18,0.016702977845545752,-0.04916079946032581
2016-11-19,,
2016-11-20,,
2016-11-21,0.0037857983959166397,-0.0031249287687042937
2016-11-22,0.014201203266391182,0.02744740256359024
2016-11-23,-0.009795856753255228,-0.007077061550955777
2016-11-24,,
2016-11-25,-0.0020772286804666695,0.014541663175912323
2016-11-26,,
2016-11-27,,
2016-11-28,0.01041545479115602,-0.025156264660328942
2016-11-29,-0.0016193379876481284,-0.06445412085327706
2016-11-30,0.016365977437373447,0.05323013502932761
2016-12-01,0.018378273486051477,-0.012209493278105055
2016-12-02,0.027576918892921132,-0.08233023697040431
2016-12-03,,
2016-12-04,,
2016-12-05,-0.02542660605274305,-0.08938477782940901
2016-12-06,0.0038699782521387505,0.15011037708405017
2016-12-07,-0.008049478127586163,0.05197277848548287
2016-12-08,0.0013269390351826615,-0.020171799100209276
2016-12-09,-0.0033650183417865964,0.020244108070088584
2016-12-10,,
2016-12-11,,
2016-12-12,0.014591399373396485,0.041240607413744246
2016-12-13,-0.005938484568333013,-0.018198772446204936
2016-12-14,0.009302234563116962,-0.010596121913058587
2016-12-15,-0.008224991007508953,-0.05672627523824891
2016-12-16,0.010514391075435614,0.005549575827362374
2016-12-17,,
2016-12-18,,
2016-12-19,0.0007875146915727882,-0.03013678830931854
2016-12-20,0.0066587366052390795,-0.0015155329769833692
2016-12-21,0.044167941782271236,0.03566344638252594
2016-12-22,0.03813250725358286,-0.03975735838163763
2016-12-23,0.06519293981490049,-0.05647250376882573
2016-12-24,,
2016-12-25,,
2016-12-26,,
2016-12-27,0.025944298620796058,-0.016445348832675455
2016-12-28,0.054137851268508785,0.057066440031476096
2016-12-29,-0.0021904752953102458,0.10189418694111774
2016-12-30,-0.007955698882113116,-0.010352953977947554
2016-12-31,,
2017-01-01,,
2017-01-02,,
2017-01-03,0.013133160972920166,0.15225079808521857
2017-01-04,0.10051046490131932,0.1512248118502284
2017-01-05,-0.12163887804901963,-0.08785672372516529
2017-01-06,-0.11322804913689588,-0.0034877653650784435
2017-01-07,,
2017-01-08,,
2017-01-09,-0.0056382059781143745,0.007027731662114234
2017-01-10,0.005373131059129843,0.021693653081837683
2017-01-11,-0.14596606452517602,-0.08167990900573485
2017-01-12,0.036958923589967,0.016918728442637088
2017-01-13,0.021943895503576893,-0.01116201871207445
2017-01-14,,
2017-01-15,,
2017-01-16,,
2017-01-17,0.09485068713794365,0.07205898491685059
2017-01-18,-0.025245541936788074,-0.008995156733164422
2017-01-19,0.017657112777954564,0.02017195852770004
2017-01-20,-0.007867485059203316,0.016196833504043884
2017-01-21,,
2017-01-22,,
2017-01-23,-0.0012691056723336258,0.013677397545618253
2017-01-24,-0.037318768060359164,-0.023966225163908117
2017-01-25,0.0018933988736136165,-0.013857183672114748
2017-01-26,0.018531486795662633,0.0024948713359856933
2017-01-27,0.0032248317693610584,-0.004025333331086678
2017-01-28,,
2017-01-29,,
2017-01-30,0.006973149228755915,0.014326977989625345
2017-01-31,0.0552380800963993,0.015675415179689067
2017-02-01,0.018889505573645993,0.00013037100454171835
2017-02-02,0.02245948714924273,0.007750558765662996
2017-02-03,0.010634004811789444,0.019820418323423628
2017-02-04,,
2017-02-05,,
2017-02-06,0.012637793585438373,0.00532160353819211
2017-02-07,0.022120576742818976,0.010827341423079284
2017-02-08,0.0009271594512216819,-0.007996697546987619
2017-02-09,-0.07036434384955603,-0.04065694770899142
2017-02-10,-0.009307291652269845,0.018795781140466428
2017-02-11,,
2017-02-12,,
2017-02-13,-0.013791887863707886,-0.01662393644332305
2017-02-14,0.010032037090194956,0.15178489376070936
2017-02-15,-0.0020756208800856157,-0.013092043252951213
2017-02-16,0.020675874855764387,-0.00037429737071592584
2017-02-17,0.01659014526909286,-0.019285900041986714
2017-02-18,,
2017-02-19,,
2017-02-20,,
2017-02-21,0.026656294832059002,0.013123075606467527
2017-02-22,0.003000948385186275,-0.004340650782278521
2017-02-23,0.04368183949622373,0.0408280270323067
2017-02-24,0.004472161041373157,-0.005319781568206672
2017-02-25,,
2017-02-26,,
2017-02-27,0.011657932529825832,0.059346934898219184
2017-02-28,0.0025783310475788745,0.029902728361817843
2017-03-01,0.022369489842367418,0.08321445151131113
2017-03-02,0.029180935487500448,0.10272021519469676
2017-03-03,0.018664700822805802,0.022028842563929008
2017-03-04,,
2017-03-05,,
2017-03-06,0.007783467573996283,0.01899555296961153
2017-03-07,-0.0358113636779539,-0.03366280199534433
2017-03-08,-0.05782006539467044,-0.11616280250852751
2017-03-09,0.03266971923220874,0.06546521377711834
2017-03-10,-0.06365624613584953,0.08558669518065454
2017-03-11,,
2017-03-12,,
2017-03-13,0.008262928542884351,0.21958659368594913
2017-03-14,0.009937850457555242,0.005536926021080579
2017-03-15,-0.0006247396663074944,0.21502048262818696
2017-03-16,-0.047828715009826994,0.3236807972660881
2017-03-17,-0.07241802912325235,0.011718772500320718
2017-03-18,,
2017-03-19,,
2017-03-20,0.018880061201601017,-0.028162140439360273
2017-03-21,0.07530703799179395,0.006759208153820806
2017-03-22,-0.0656092133866889,-0.02050156353129029
2017-03-23,-0.008995627875018064,0.03261987882213102
2017-03-24,-0.096470575813702,0.2167195957526803
2017-03-25,,
2017-03-26,,
2017-03-27,0.08278543631094615,-0.01589784758999313
2017-03-28,-0.0059318764977474014,0.015057094378096991
2017-03-29,-0.00794216087429156,0.0452209442178102
2017-03-30,-0.0159545622273094,-0.020257962373707916
2017-03-31,0.046446999146678936,-0.039282501305536455
2017-04-01,,
2017-04-02,,
2017-04-03,0.039422202691430375,-0.0884586834717328
2017-04-04,-0.009791950411705774,0.005876894053000292
2017-04-05,-0.004419175488896032,0.017886275018185516
2017-04-06,0.04954726082826011,-0.04744205354577169
2017-04-07,-0.004060078969412295,-0.024136907193937462
2017-04-08,,
2017-04-09,,
2017-04-10,-0.0013106959645106109,0.003199782506086324
2017-04-11,0.016495467979011136,0.0007892933219496578
2017-04-12,-9.069298437380802e-05,0.07011065922727999
2017-04-13,-0.019085616666097205,0.09176453480301627
2017-04-14,,
2017-04-15,,
2017-04-16,,
2017-04-17,0.0006602602807608271,-0.017109038433018253
2017-04-18,0.017778851654598138,0.052648110229792766
2017-04-19,0.0005774144445406248,-0.045657296015318205
2017-04-20,0.007967943453764281,0.020739858799371458
2017-04-21,-0.002684639178880399,-0.02611207149532946
2017-04-22,,
2017-04-23,,
2017-04-24,0.024729587612614345,0.020964910892163235
2017-04-25,0.006179899109978182,-0.008894849085605228
2017-04-26,0.012804949930943832,0.05719098272076162
2017-04-27,0.028055802810126318,0.17864569411049414
2017-04-28,0.000964517449525637,0.13046058979417763
2017-04-29,,
2017-04-30,,
2017-05-01,0.05295320456315267,-0.03620659278272742
2017-05-02,0.020772034873870915,0.011482477729274798
2017-05-03,0.026924915077231826,0.033037825466600945
2017-05-04,0.03134896498661832,0.215970745646614
2017-05-05,0.007474201205361686,-0.030721639703261694
2017-05-06,,
2017-05-07,,
2017-05-08,0.0792755875536959,-0.0275555737059614
2017-05-09,0.019599559239697917,-0.0017913897127085354
2017-05-10,0.01696824516935358,-0.019098458023700138
2017-05-11,0.0365419447708506,0.006125947095621642
2017-05-12,-0.06577894671648732,-0.012143077655224821
2017-05-13,,
2017-05-14,,
2017-05-15,-0.04373912272231539,0.013160173514092044
2017-05-16,-0.0016026449192400039,-0.03152548184180326
2017-05-17,0.07850863280584386,0.022901013797790415
2017-05-18,0.023261299379449207,0.07472262611694536
2017-05-19,0.04568263279652407,0.32985342825092423
2017-05-20,,
2017-05-21,,
2017-05-22,0.05960568694654356,0.09819758800304634
2017-05-23,0.06580726348533439,0.042297000879842006
2017-05-24,0.050613306069170694,0.041995173575438915
2017-05-25,-0.061185060729624374,-0.08652729477197918
2017-05-26,-0.0448055388822326,-0.08081110224651689
2017-05-27,,
2017-05-28,,
2017-05-29,,
2017-05-30,-0.03432469063823085,0.19104699692703797
2017-05-31,0.05145587595244383,-0.0048954305687026745
2017-06-01,0.04555583499648774,-0.04411701519875222
2017-06-02,0.029794843320689823,0.0032037305283594275
2017-06-03,,
2017-06-04,,
2017-06-05,0.07088855039170627,0.013984066346344193
2017-06-06,0.06842933436270149,0.06718272277713411
2017-06-07,-0.04733532209431768,-0.025749093870791273
2017-06-08,0.02662008297062668,0.013663016188935062
2017-06-09,0.007313375497934316,0.07753469466131369
2017-06-10,,
2017-06-11,,
2017-06-12,-0.09992362658353049,0.1797202588379987
2017-06-13,0.017066821240989016,-0.014357252403351173
2017-06-14,-0.07653399836618535,-0.09581027308745693
2017-06-15,-0.01443391658997395,0.010260727443638706
2017-06-16,0.021618639884913637,0.02263211242709673
2017-06-17,,
2017-06-18,,
2017-06-19,0.00786368932270487,-0.012121542193898938
2017-06-20,0.05774313423323485,-0.02316636880226952
2017-06-21,-0.011427780243845942,-0.06106826240269003
2017-06-22,0.006520895051617126,-0.0010314947485061676
2017-06-23,0.013039479817800181,0.014397708103270013
2017-06-24,,
2017-06-25,,
2017-06-26,-0.043167240531032824,-0.1010782099737838
2017-06-27,0.037930120161818404,0.08286785726490942
2017-06-28,-5.563195948310451e-05,0.11006065213950467
2017-06-29,-0.005175842122555729,-0.06777064752474138
2017-06-30,-0.024563027113964964,-0.027837169284482988
2017-07-01,,
2017-07-02,,
2017-07-03,0.020665778588315753,-0.01998169273305228
2017-07-04,,
2017-07-05,-0.0013186988999731586,-0.01802469892204095
2017-07-06,0.011893824682202236,0.015972960476316578
2017-07-07,-0.0408666680017975,-0.09717418940264622
2017-07-08,,
2017-07-09,,
2017-07-10,-0.058852468067959296,-0.1115263096074659
2017-07-11,-0.013872343192141257,-0.08258112673852713
2017-07-12,0.018808807843954334,0.1617385431371614
2017-07-13,-0.01894121124274306,-0.0930503354722374
2017-07-14,-0.057500118458812643,-0.05269171726107269
2017-07-15,,
2017-07-16,,
2017-07-17,0.15477712261271093,0.22921084542543257
2017-07-18,0.04000067210809255,0.2112012381918824
2017-07-19,-0.024972610731075928,-0.15336469292592803
2017-07-20,0.2395144778336501,0.13816854042100524
2017-07-21,-0.052812133533242545,-0.03905746293528811
2017-07-22,,
2017-07-23,,
2017-07-24,0.010022153303608228,-0.004424256235413759
2017-07-25,-0.06767424882479889,-0.0830304854309909
2017-07-26,-0.018536182885922625,-0.013620128964510592
2017-07-27,0.057241806632841064,0.002762205335715029
2017-07-28,0.05270394057676098,-0.05345081631209159
2017-07-29,,
2017-07-30,,
2017-07-31,0.04358356484046422,0.030494087080390586
2017-08-01,-0.057079181893004205,0.10986700045760434
2017-08-02,-0.0032849202731158877,-0.03055409501184947
2017-08-03,0.036883521936922015,0.02668893548862228
2017-08-04,0.030613169873436208,-0.011958163414325429
2017-08-05,,
2017-08-06,,
2017-08-07,0.04969158917903682,0.027458113384386307
2017-08-08,0.014548419695274428,0.10490726866904254
2017-08-09,-0.022288787898623985,-0.0021366277309732284
2017-08-10,0.026085609557987333,0.014018345694010836
2017-08-11,0.07838072426661702,0.04256484645323977
2017-08-12,,
2017-08-13,,
2017-08-14,0.05179121397814801,-0.0032230991337443005
2017-08-15,-0.03260994875215617,-0.03375341668441856
2017-08-16,0.04513727575583082,0.04153445961183033
2017-08-17,0.005168752006942223,0.012757171305119663
2017-08-18,-0.03765724570342077,-0.01762677665015988
2017-08-19,,
2017-08-20,,
2017-08-21,-0.022181964959851808,0.06572895245937427
2017-08-22,0.014743445223472262,-0.03110435110586407
2017-08-23,0.01589105157310078,0.012138925630780673
2017-08-24,0.04619325215410863,0.027559459165694022
2017-08-25,0.006844497395823934,0.01768773792140843
2017-08-26,,
2017-08-27,,
2017-08-28,-0.0005372289670519947,-0.0009067540793097351
2017-08-29,0.0439610100359733,0.06506713761901506
2017-08-30,-0.007611454276433172,0.01647655659554026
2017-08-31,0.024526760472804332,0.006319073872223413
2017-09-01,0.03812042814253558,0.010285116530247329
2017-09-02,,
2017-09-03,,
2017-09-04,,
2017-09-05,0.04065032245359468,0.06791250593675369
2017-09-06,0.047274272401908846,0.06508474515974538
2017-09-07,0.000778784780341657,-0.014507287692650639
2017-09-08,-0.07919373270729202,-0.0984753934381224
2017-09-09,,
2017-09-10,,
2017-09-11,-0.0015424445627882921,0.009195624624398047
2017-09-12,-0.010683870468080725,-0.013780604326079304
2017-09-13,-0.060846967731371215,-0.04999810523689907
2017-09-14,-0.18631029411727518,-0.22698032848794614
2017-09-15,0.15110925291366506,0.16904865786870893
2017-09-16,,
2017-09-17,,
2017-09-18,0.133162118392107,0.164376044022835
2017-09-19,-0.03560550468147383,-0.03754344190848824
2017-09-20,-0.005480214651780502,0.0026825386834532505
2017-09-21,-0.06733638322963353,-0.08563325311147973
2017-09-22,-0.0007415058063585667,0.02151168554641858
2017-09-23,,
2017-09-24,,
2017-09-25,0.06826615980931205,0.03708783810616201
2017-09-26,-0.008660830122171781,-0.016813378284035174
2017-09-27,0.07512657642874188,0.06211701905899902
2017-09-28,-0.007379799374449547,-0.02506365779802311
2017-09-29,-0.0064981231516839655,-0.029404103977722862
2017-09-30,,
2017-10-01,,
2017-10-02,-0.002606988172442426,-0.01995539045043926
2017-10-03,-0.02298742755938854,-0.0190073058293051
2017-10-04,-0.021656836134299695,-0.000580083211098259
2017-10-05,0.017772932508389738,0.005304651581775621
2017-10-06,0.010869360204780798,0.04408342934802534
2017-10-07,,
2017-10-08,,
2017-10-09,0.03684197087314389,-0.034539455939420205
2017-10-10,-0.00023313977949013243,0.006009979242776575
2017-10-11,0.007500135614864734,0.010155041733159509
2017-10-12,0.13023386546055693,0.003927557975515472
2017-10-13,0.035894994905305344,0.1129558439313938
2017-10-14,,
2017-10-15,,
2017-10-16,0.006596948678860626,-0.011290414829963402
2017-10-17,-0.021645020303362572,-0.04957106783862664
2017-10-18,-0.0033861690794352306,-0.009456208889373596
2017-10-19,0.020748161076804772,-0.0201517335211171
2017-10-20,0.04794942820575465,-0.01836635932025943
2017-10-21,,
2017-10-22,,
2017-10-23,-0.009025950401273186,-0.02478403850616062
2017-10-24,-0.06968842136633524,0.03803352687479156
2017-10-25,0.04522290226195136,0.0033121442802951373
2017-10-26,0.02551320189038564,-0.005963334501860484
2017-10-27,-0.029060889965166425,-0.00505132333595415
2017-10-28,,
2017-10-29,,
2017-10-30,-0.0005970739137498571,0.01192108478723175
2017-10-31,0.05416822588495629,-0.007027354959538545
2017-11-01,0.04461876207052895,-0.047966611406219606
2017-11-02,0.04579431938320733,-0.014811506711789435
2017-11-03,0.015163818589819522,0.060508241872254453
2017-11-04,,
2017-11-05,,
2017-11-06,-0.05319911399478017,0.007602534239677272
2017-11-07,0.017507101495253585,-0.013973205232783559
2017-11-08,0.04269034084867562,0.047463759388227
2017-11-09,-0.03861375975248371,0.04198631237004058
2017-11-10,-0.07265652986793791,-0.06651307234303083
2017-11-11,,
2017-11-12,,
2017-11-13,0.10143877714793725,0.027622374147521
2017-11-14,0.013935488408593488,0.0683467275176598
2017-11-15,0.10796926397307993,-0.007133165134862063
2017-11-16,0.06782693626656777,-0.015494578141966975
2017-11-17,-0.01804292564469756,0.007068153386554976
2017-11-18,,
2017-11-19,,
2017-11-20,0.019149747848294485,0.03355638423080687
2017-11-21,-0.022317889881329434,-0.02379904102957353
2017-11-22,0.023335358865825717,0.05694048755639758
2017-11-23,,
2017-11-24,0.02467932898866665,0.1557946367086367
2017-11-25,,
2017-11-26,,
2017-11-27,0.052664114211374624,0.0195322531278479
2017-11-28,0.014641411766999513,-0.025364081367719837
2017-11-29,-0.016550222362992972,-0.0955893275566354
2017-11-30,0.026696589899156464,0.03763349514403136
2017-12-01,0.07453074696556217,0.045472009890594856
2017-12-02,,
2017-12-03,,
2017-12-04,0.030549107025031108,0.010392030042685074
2017-12-05,0.02600034949260277,-0.01098397559075015
2017-12-06,0.1993974260860043,-0.07477133390371005
2017-12-07,0.24953932141236734,0.010647047545033317
2017-12-08,-0.07982591798241467,0.04426952680313989
2017-12-09,,
2017-12-10,,
2017-12-11,0.09264805587452085,0.1630001814828861
2017-12-12,0.02670909205588745,0.263031829931355
2017-12-13,-0.057360983719752956,0.07927791690065744
2017-12-14,0.013566126809547274,-0.0058201467684260155
2017-12-15,0.06002473249799589,-0.02531195074252257
2017-12-16,,
2017-12-17,,
2017-12-18,-0.006752645241673072,0.09834913690965541
2017-12-19,-0.06674386706494584,0.04372381682863058
2017-12-20,-0.0639816308560962,-0.008529599902866392
2017-12-21,-0.05141233759963404,0.00042802314286771725
2017-12-22,-0.12427213108615087,-0.17760733993738453
2017-12-23,,
2017-12-24,,
2017-12-25,,
2017-12-26,0.14886328550848882,0.011507140710757202
2017-12-27,-0.017020900565890895,-0.014998065891418166
2017-12-28,-0.07961917172310384,-0.03567979206274707
2017-12-29,0.00858578677580446,0.027664118200089072
2017-12-30,,
2017-12-31,,
2018-01-01,,
2018-01-02,0.0887076760072778,0.13639898465596034
2018-01-03,0.008211976396692133,0.08210424477492118
2018-01-04,0.02216699650809395,0.014878213865740397
2018-01-05,0.11029912647746287,0.01009087861195157
2018-01-06,,
2018-01-07,,
2018-01-08,-0.08101247247336607,-0.0056860262782462145
2018-01-09,-0.039186584435518146,0.13035230575737322
2018-01-10,0.027003884017731683,-0.03267920217687237
2018-01-11,-0.11171996105514359,-0.0873714824191929
2018-01-12,0.03612732192669621,0.09565475335286955
2018-01-13,,
2018-01-14,,
2018-01-15,,
2018-01-16,-0.16502355047060502,-0.180875572867364
2018-01-17,-0.03568891446978262,-0.04684531229551525
2018-01-18,0.027204995513046892,0.02333689131120753
2018-01-19,0.007161713014073312,-0.0016640078428318272
2018-01-20,,
2018-01-21,,
2018-01-22,-0.0657127438070475,-0.05219864360274318
2018-01-23,-0.007937610502393389,-0.019150061507044902
2018-01-24,0.045736872047482446,0.07412410670740988
2018-01-25,-0.009405916237268608,-0.0031999636059497627
2018-01-26,-0.01965684674104229,-0.012655512144692183
2018-01-27,,
2018-01-28,,
2018-01-29,-0.03483321402360684,-0.0443511322975767
2018-01-30,-0.09445341430398735,-0.08317576587634534
2018-01-31,0.010870291672716359,0.043558050643144774
2018-02-01,-0.10213535903905258,-0.07224766174993813
2018-02-02,-0.01584383463072314,-0.09550274114116575
2018-02-03,,
2018-02-04,,
2018-02-05,-0.11870882949663919,-0.12283286254336345
2018-02-06,0.09739715941062266,0.11891680286255313
2018-02-07,-0.012112177467284102,-0.04045675229486767
2018-02-08,0.12207452952724318,0.11776572294039278
2018-02-09,0.04209441702473371,0.06583846701317686
2018-02-10,,
2018-02-11,,
2018-02-12,0.084068547158473,0.052428409201125126
2018-02-13,-0.03938639678058353,-0.02960591423686809
2018-02-14,0.09084130250920519,0.07923548255305923
2018-02-15,0.05868359288181324,0.0024562551530744603
2018-02-16,0.006266055944075477,0.00734712901447554
2018-02-17,,
2018-02-18,,
2018-02-19,,
2018-02-20,0.021734109788774325,-0.04553672671311404
2018-02-21,-0.057053327650565255,-0.0452086707758691
2018-02-22,-0.06508722593186211,-0.04465277558433112
2018-02-23,0.013566819741271496,0.04713752075853872
2018-02-24,,
2018-02-25,,
2018-02-26,0.060875108085316265,0.01724953026054754
2018-02-27,0.04732727458194319,0.02300234082957353
2018-02-28,-0.01945719101479715,-0.015167382412373032
2018-03-01,0.06651773607348999,0.03320397048626622
2018-03-02,0.00729262990600521,-0.022667290742451662
2018-03-03,,
2018-03-04,,
2018-03-05,-0.005759547099744244,-0.026024880523396132
2018-03-06,-0.07119308938934277,-0.045667632864503926
2018-03-07,-0.07505767190861723,-0.0780031048562444
2018-03-08,-0.06171628252040251,-0.0685345728562069
2018-03-09,-0.02349480432271811,0.017137447725647625
2018-03-10,,
2018-03-11,,
2018-03-12,-0.0377201025158872,-0.03122531133748352
2018-03-13,0.005247852033919642,-0.006502326092170274
2018-03-14,-0.09487965724052838,-0.10506447045374612
2018-03-15,0.004536681432551037,-0.004080549336238248
2018-03-16,0.002812837805035162,-0.017469768792373608
2018-03-17,,
2018-03-18,,
2018-03-19,0.06369182822052855,0.04777370452844698
2018-03-20,0.031287381763308586,-0.0006753429722043958
2018-03-21,0.003617767656479254,0.010022757615101296
2018-03-22,0.002673895537999793,-0.014055042575228383
2018-03-23,0.03828384657196604,0.020813103064445726
2018-03-24,,
2018-03-25,,
2018-03-26,-0.060865725877967236,-0.09264808713377182
2018-03-27,-0.02856871274203343,-0.06402769835130173
2018-03-28,0.018420164167254116,-0.0056078693311878425
2018-03-29,-0.11293137718383783,-0.14891160456034902
2018-03-30,,
2018-03-31,,
2018-04-01,,
2018-04-02,0.05734051729997536,0.04029799843628534
2018-04-03,0.039943120044344305,0.06623103954829612
2018-04-04,-0.092341854457056,-0.09875913673579106
2018-04-05,-0.013044690080234345,0.00020339824168313925
2018-04-06,-0.003793830550270938,-0.011863484667346214
2018-04-07,,
2018-04-08,,
2018-04-09,-0.03932850109503616,-0.008285273131547477
2018-04-10,-0.00727002365754692,0.022710979901501505
2018-04-11,0.025066593823045435,0.044866932869341625
2018-04-12,0.12390884207058317,0.13668585924831778
2018-04-13,0.003737166968867056,0.0024686985374519077
2018-04-14,,
2018-04-15,,
2018-04-16,-0.04057832946693751,-0.04676793836127269
2018-04-17,-0.03009159307049103,-0.02680759991814685
2018-04-18,0.03223964244563082,0.042706613352316625
2018-04-19,0.021759799106537914,0.08785431993510495
2018-04-20,0.07503037728341644,0.09275905520293426
2018-04-21,,
2018-04-22,,
2018-04-23,0.014532917860314853,0.03321174323041931
2018-04-24,0.09921982880432967,0.11548974866673734
2018-04-25,-0.0896700413788275,-0.13279942078885887
2018-04-26,0.038829017300189506,0.06657551468924172
2018-04-27,-0.03283907367151073,-0.024916930729797504
2018-04-28,,
2018-04-29,,
2018-04-30,-0.01076656741177473,-0.019330956540154265
2018-05-01,-0.01570194677252157,0.002957496683571925
2018-05-02,0.020026303987909055,0.027300456606081824
2018-05-03,0.05724988887644622,0.13671368214380475
2018-05-04,-0.017234559488657486,-0.005010485320271041
2018-05-05,,
2018-05-06,,
2018-05-07,-0.032644483325588,-0.05215853319419783
2018-05-08,-0.014477682294243177,-0.0008859324974206384
2018-05-09,0.00010246202199049037,-0.010455191730891267
2018-05-10,-0.039529757781884056,-0.042600563628326205
2018-05-11,-0.06832131605876501,-0.06728234436420832
2018-05-12,,
2018-05-13,,
2018-05-14,-0.0017031503168417617,-0.0049012131580080665
2018-05-15,-0.01683744126631448,-0.022831462914334688
2018-05-16,-0.020693165083449316,-0.006629408978978013
2018-05-17,-0.031945665242093524,-0.04778711793931967
2018-05-18,0.021985292711280024,0.03490725369504477
2018-05-19,,
2018-05-20,,
2018-05-21,-0.018458863221709643,-0.029958352990169135
2018-05-22,-0.04166897716396789,-0.07049031923632965
2018-05-23,-0.0634290769896605,-0.10229413934190656
2018-05-24,0.0059290936878197975,0.033158311190459866
2018-05-25,-0.011771514934798999,-0.022604733990945425
2018-05-26,,
2018-05-27,,
2018-05-28,,
2018-05-29,0.058733490710684344,0.10720091504903684
2018-05-30,-0.021537451301522736,-0.0229506859877302
2018-05-31,0.01871371810148248,0.03914424274126893
2018-06-01,-0.004540253676351247,-0.006697838114492871
2018-06-02,,
2018-06-03,,
2018-06-04,-0.031134148047508914,-0.045467478836066944
2018-06-05,0.015172027611314975,0.026815773920788377
2018-06-06,-0.0059185863852924125,-0.012143518669556208
2018-06-07,0.003883821532421061,-0.0024762756736864677
2018-06-08,-0.010070276469597128,-0.009917201214433291
2018-06-09,,
2018-06-10,,
2018-06-11,0.01674730678189973,0.011856759575562315
2018-06-12,-0.04873391352320622,-0.07007656422085107
2018-06-13,-0.03128954497279923,-0.034917839863389366
2018-06-14,0.04878129620856275,0.08600712418518852
2018-06-15,-0.031755741222373346,-0.054275755940600634
2018-06-16,,
2018-06-17,,
2018-06-18,0.03836866100766001,0.03897912552880223
2018-06-19,0.009238141737479943,0.04076714186175223
2018-06-20,-0.0007358066250093831,-0.004851752379684049
2018-06-21,-0.000562092037703743,-0.010252556417380099
2018-06-22,-0.09786127195752958,-0.11857390576951288
2018-06-23,,
2018-06-24,,
2018-06-25,0.026027889123735548,0.019488690069585646
2018-06-26,-0.02708948549424328,-0.06202946939856724
2018-06-27,0.019018369920502654,0.030770667028989784
2018-06-28,-0.047381253988132976,-0.051390158938442676
2018-06-29,0.05257660027016642,0.03154546150397075
2018-06-30,,
2018-07-01,,
2018-07-02,0.03269252283181023,0.0441409205776111
2018-07-03,-0.007841885009873928,-0.018513355395170517
2018-07-04,,
2018-07-05,-0.0023168474689445606,0.006559475774556178
2018-07-06,-0.0033059478026411515,-0.00932443235222391
2018-07-07,,
2018-07-08,,
2018-07-09,-0.013566241509168409,-0.03425035136205179
2018-07-10,-0.06455524174691696,-0.0921234921300309
2018-07-11,0.01732486980027148,0.03493332615477418
2018-07-12,-0.03469233935697791,-0.04557621857801186
2018-07-13,0.0004041581118712223,0.008112217645271258
2018-07-14,,
2018-07-15,,
2018-07-16,0.061111657276725184,0.0695131031676739
2018-07-17,0.08195211025207305,0.038351707952149594
2018-07-18,0.004633593630475552,-0.043056558794788535
2018-07-19,0.016988214602884577,-0.01871868075064065
2018-07-20,-0.014148895557526742,-0.039341608178266485
2018-07-21,,
2018-07-22,,
2018-07-23,0.03760654917093942,-0.02099153112892005
2018-07-24,0.08770375918700601,0.05847690610519396
2018-07-25,-0.037932460374179855,-0.023453573567144392
2018-07-26,-0.025057114100452527,-0.01486436065929575
2018-07-27,0.0334034201364124,0.01869274711009239
2018-07-28,,
2018-07-29,,
2018-07-30,0.0011328818105886818,-0.01478305331146812
2018-07-31,-0.0537865258100243,-0.05567224705832852
2018-08-01,-0.018949496224514917,-0.0291993059322182
2018-08-02,-0.012501664966810488,-0.02423976260688765
2018-08-03,-0.02218839183902621,0.009027003255819288
2018-08-04,,
2018-08-05,,
2018-08-06,-0.020045381311140753,-0.012936224797485574
2018-08-07,-0.03140381346584564,-0.06784932130329169
2018-08-08,-0.0659766325249127,-0.06181302474406458
2018-08-09,0.04305896013476318,0.02660905712786843
2018-08-10,-0.051276288908959966,-0.07880798639424724
2018-08-11,,
2018-08-12,,
2018-08-13,3.296525126927907e-05,-0.09949249328438481
2018-08-14,-0.021928571314419942,-0.03278761070428193
2018-08-15,0.02515304067506885,0.019906293860826985
2018-08-16,-0.0037647724587996922,0.012203490666962136
2018-08-17,0.035494619172606656,0.09278304120527081
2018-08-18,,
2018-08-19,,
2018-08-20,-0.032790374832332936,-0.09057956463061101
2018-08-21,0.02650068741567413,0.025742525857980425
2018-08-22,-0.016870133166367873,-0.03720856950236706
2018-08-23,0.026495558450319368,0.022930189075700214
2018-08-24,0.02212301332549771,0.014959267803993592
2018-08-25,,
2018-08-26,,
2018-08-27,0.018775578199935694,0.030142519918934685
2018-08-28,0.03047162746315779,0.03788159154802462
2018-08-29,-0.012623363991539405,-0.029940969550838248
2018-08-30,-0.005350969717020648,-0.013567595316934855
2018-08-31,0.008370591670009198,-0.004009758160870791
2018-09-01,,
2018-09-02,,
2018-09-03,,
2018-09-04,0.01564868003175779,-0.010570033411784308
2018-09-05,-0.07446608672309918,-0.1840631300953558
2018-09-06,-0.03516216752487955,-0.005455407180427696
2018-09-07,-0.007297858833994475,-0.0543077739757194
2018-09-08,,
2018-09-09,,
2018-09-10,0.0026793091891783583,-0.0011107380854518123
2018-09-11,-0.0050827136132408635,-0.0646950894109154
2018-09-12,0.0044841912183852806,-0.009731695555944664
2018-09-13,0.020774929835178035,0.14757242188930464
2018-09-14,-0.000981277693633431,0.0015934373907884325
2018-09-15,,
2018-09-16,,
2018-09-17,-0.03063916669676714,-0.09740003062448344
2018-09-18,0.008975381436990837,0.0557807043754317
2018-09-19,0.003022112861994275,-0.0012818845665563128
2018-09-20,0.011090306131754435,0.06179827647400127
2018-09-21,0.03338858252452792,0.09829317831427908
2018-09-22,,
2018-09-23,,
2018-09-24,-0.013654019591740063,-0.06033231999160116
2018-09-25,-0.02127729558451341,-0.04339828594739803
2018-09-26,0.01081739910030488,-0.008875233327299559
2018-09-27,0.02521978691722082,0.05582915191831117
2018-09-28,-0.0048787470961152435,-0.026654668175845275
2018-09-29,,
2018-09-30,,
2018-10-01,-0.009065515370778487,-0.012573934305429746
2018-10-02,-0.00469015121548666,-0.015147112773130855
2018-10-03,-0.00887335752961882,-0.030168181726069943
2018-10-04,0.019564975090291092,0.01601117677779862
2018-10-05,0.012490434471154166,0.029751925764048726
2018-10-06,,
2018-10-07,,
2018-10-08,0.007858400042381253,0.014263872852980808
2018-10-09,-2.3664037989812314e-05,-0.00413481095686663
2018-10-10,0.024266690419873616,0.023157269071413356
2018-10-11,-0.02942897622902141,-0.14007785709878684
2018-10-12,-0.011274811121128048,0.023936397153454747
2018-10-13,,
2018-10-14,,
2018-10-15,0.0544844979947795,0.07738141665391562
2018-10-16,-0.021560828758063755,-0.01951189454808322
2018-10-17,-0.007582244652412973,-0.014200969303108879
2018-10-18,0.004044215671873186,-0.0036249839192514788
2018-10-19,-0.0013835430777299207,0.0022052629028432857
2018-10-20,,
2018-10-21,,
2018-10-22,0.005041489524953091,-0.0010529153825393767
2018-10-23,0.0037514504789155634,0.006942914912173248
2018-10-24,0.03396838270276792,0.028495842611592992
2018-10-25,-0.02163467023113841,-0.024183005577255945
2018-10-26,0.01708942709152894,0.02033630895728067
2018-10-27,,
2018-10-28,,
2018-10-29,-0.01714539781111324,-0.032974673400958054
2018-10-30,-0.01540784829185382,-0.01410026067023673
2018-10-31,-0.013481428788839178,-0.011737116235315148
2018-11-01,-0.0010336255146476958,-0.0030038782753396553
2018-11-02,0.007988093256878326,0.01518166385988784
2018-11-03,,
2018-11-04,,
2018-11-05,0.0012267078803329667,0.0021351443795956104
2018-11-06,0.0001818159516329132,0.03851064539742555
2018-11-07,-0.010509311405146438,-0.02701793340470826
2018-11-08,-0.009193676521060512,-0.020292065736709053
2018-11-09,-0.0013530640917688297,-0.0009644643648294426
2018-11-10,,
2018-11-11,,
2018-11-12,0.013462461876080134,0.015338836960693492
2018-11-13,-0.00036701959081386626,-0.015588877569013282
2018-11-14,-0.09010388983777662,-0.11538129454841317
2018-11-15,-0.02633351678528384,-0.01385184793128913
2018-11-16,-0.01505607337271142,-0.03335609673459872
2018-11-17,,
2018-11-18,,
2018-11-19,-0.11708939435673049,-0.14087919938951243
2018-11-20,-0.06798670869946644,-0.10811659823132547
2018-11-21,0.030717817816162674,0.04576790117103213
2018-11-22,,
2018-11-23,0.0022419586642423717,-0.020357805402214435
2018-11-24,,
2018-11-25,,
2018-11-26,-0.07309892497794712,-0.08521897027342107
2018-11-27,0.007743475397655741,0.012199597552490893
2018-11-28,0.09132389339776092,0.08999761275734297
2018-11-29,0.007215844002740446,-0.037799204233706196
2018-11-30,-0.06930362527783396,-0.04535920428661111
2018-12-01,,
2018-12-02,,
2018-12-03,-0.07030232014182636,-0.07507016410623002
2018-12-04,0.04848220579597429,0.04420028905504869
2018-12-05,,
2018-12-06,-0.06051654994711342,-0.10303444800349992
2018-12-07,-0.005410763527068041,0.04003213369558922
2018-12-08,,
2018-12-09,,
2018-12-10,-0.0326340942807779,-0.038091056631737175
2018-12-11,-0.021931838317618357,-0.029532205681635282
2018-12-12,0.012790604614749457,0.013108737235675072
2018-12-13,-0.04949189713429325,-0.044549382631706824
2018-12-14,-0.0023977617194851364,-0.006693732624330151
2018-12-15,,
2018-12-16,,
2018-12-17,0.11085654916648391,0.1365544687294462
2018-12-18,0.04227120088067604,0.0627579920803194
2018-12-19,0.028894336774997975,0.01693975093748079
2018-12-20,0.11948152574213533,0.16338249038755137
2018-12-21,-0.036952113841492884,-0.037240100977328106
2018-12-22,,
2018-12-23,,
2018-12-24,0.04702203621436729,0.09955306850467005
2018-12-25,,
2018-12-26,-0.03863665529421545,-0.03402689502736922
2018-12-27,-0.061051186278210934,-0.12451185084612992
2018-12-28,0.07486598261771726,0.18199160699319228
2018-12-29,,
2018-12-30,,
2018-12-31,-0.040373908361204136,-0.05490467339747962
2019-01-01,,
2019-01-02,0.024720509361201293,0.09977055650473154
2019-01-03,-0.002293018371064992,-0.013377876602564287
2019-01-04,-0.028868475449146835,0.002187851033433663
2019-01-05,,
2019-01-06,,
2019-01-07,-0.019615052633597085,-0.045344073680772756
2019-01-08,-0.008304149243427927,-0.018525797006949896
2019-01-09,-0.002994444700356036,-0.0011485842505682964
2019-01-10,-0.09283207948136918,-0.1515838767471399
2019-01-11,0.0024407091877481912,-0.008225742703372174
2019-01-12,,
2019-01-13,,
2019-01-14,0.04834823974229796,0.10937355956920947
2019-01-15,-0.031060603725066027,-0.06523545914703377
2019-01-16,0.004479723524292822,0.010187404370756159
2019-01-17,-0.0011462966470219271,-0.006014239129445542
2019-01-18,-0.018816920165197315,-0.03525848563428646
2019-01-19,,
2019-01-20,,
2019-01-21,,
2019-01-22,0.022139485993251662,0.027726145615638464
2019-01-23,-0.007599917386415189,-0.01310789097471754
2019-01-24,0.0030153670656951626,-0.00213958410722892
2019-01-25,-0.008794094909733263,-0.016877597314703285
2019-01-26,,
2019-01-27,,
2019-01-28,-0.023826215757497438,-0.05225011523489953
2019-01-29,-0.004979127697372077,-0.007848258414059783
2019-01-30,-0.004509962551737523,0.015789602424325366
2019-01-31,-0.016740672109484822,-0.02555237255223808
2019-02-01,0.007821563228175732,0.004227169173543599
2019-02-02,,
2019-02-03,,
2019-02-04,-0.008178964268309552,-0.0037161633368532065
2019-02-05,-0.0026260958976009885,-0.008215044652284065
2019-02-06,-0.01294697007083756,-0.021269060428834807
2019-02-07,0.005169348864704326,0.005697245891684188
2019-02-08,0.07795616489428436,0.14025651805648143
2019-02-09,,
2019-02-10,,
2019-02-11,-0.012024891610847743,-0.02881726833479903
2019-02-12,-0.011492932355879892,-0.00238809100636872
2019-02-13,-0.00889721458876247,-0.0031764461051170256
2019-02-14,-0.0015304623872655077,-0.006841355565697205
2019-02-15,-0.009792198386759043,-0.005028290095818955
2019-02-16,,
2019-02-17,,
2019-02-18,,
2019-02-19,0.006515071085741342,-0.006647274874365783
2019-02-20,0.01158107468459968,0.027175540213686622
2019-02-21,-0.007899666919259918,-0.01936493004563955
2019-02-22,0.006590131844921077,0.013855748775864374
2019-02-23,,
2019-02-24,,
2019-02-25,0.017734281610493063,0.027992527691652835
2019-02-26,-0.006508244669482299,-0.011605111451229222
2019-02-27,-0.00031484411490945163,-0.013676625112302498
2019-02-28,0.003796140334533682,0.007382337487237045
2019-03-01,-0.005650529437628782,-0.009108409553426289
2019-03-02,,
2019-03-03,,
2019-03-04,-0.018374344095895778,-0.02995921513026567
2019-03-05,0.03697248741727832,0.0797723114880069
2019-03-06,0.008466321202698968,0.0135401698548141
2019-03-07,0.010057528200902888,0.002686880437872796
2019-03-08,-0.0005149972820215343,-0.018931309776926253
2019-03-09,,
2019-03-10,,
2019-03-11,-0.026401171815775393,-0.03605154027742885
2019-03-12,-0.00194726973427084,0.0015960161480754742
2019-03-13,-0.007573549011021363,-0.015725185319401036
2019-03-14,0.005386401878072711,0.004233743160510839
2019-03-15,0.00432667516929075,0.024782028629215747
2019-03-16,,
2019-03-17,,
2019-03-18,-0.0018977640645307936,-0.008177006680797683
2019-03-19,0.009723351307750483,0.008342996385936385
2019-03-20,0.0069446512289302875,0.004133929070573417
2019-03-21,-0.02507874886966177,-0.0396420938474531
2019-03-22,0.017644592218031163,0.02296596556355812
2019-03-23,,
2019-03-24,,
2019-03-25,-0.013853904542789675,-0.01343891533092223
2019-03-26,-0.0016289666475259867,-0.00400332153385774
2019-03-27,0.030236189338020414,0.045451927036668116
2019-03-28,-0.007983669399948767,-0.014737147189375688
2019-03-29,0.0004582892261328908,0.015364525670837237
2019-03-30,,
2019-03-31,,
2019-04-01,0.0012873401626289915,-0.00933396581671575
2019-04-02,0.17354268260028305,0.15602406776105027
2019-04-03,0.016938952862039836,-0.017413800894763187
2019-04-04,-0.012183734954010261,-0.023181435125125605
2019-04-05,0.01849725297452154,0.04257770004642292
2019-04-06,,
2019-04-07,,
2019-04-08,0.01643203677273708,0.03176704598945679
2019-04-09,-0.009965862424361593,-0.016923032327064158
2019-04-10,0.019498970804640914,0.0034659183649674574
2019-04-11,-0.04888054298195188,-0.06680603233228155
2019-04-12,-0.0016629275672217503,-0.0112057998177022
2019-04-13,,
2019-04-14,,
2019-04-15,-0.01884025260001365,-0.036694201052301034
2019-04-16,0.032734633799542445,0.03693017507163199
2019-04-17,0.005402145373896605,-0.0017392653153659454
2019-04-18,0.007264814523205043,0.03953048525429481
2019-04-19,,
2019-04-20,,
2019-04-21,,
2019-04-22,0.014950603111677507,0.009738830726686354
2019-04-23,0.023198962867051476,-0.011324835438813463
2019-04-24,-0.01709903091984799,-0.03059783394022919
2019-04-25,-0.046174015540201396,-0.06817690488946204
2019-04-26,0.00852502902042418,0.007535947149212019
2019-04-27,,
2019-04-28,,
2019-04-29,-0.0082210422030079,-0.014378173266264449
2019-04-30,0.018748850028761144,0.04391942491502765
2019-05-01,0.01721490317084473,-0.0008084437561186597
2019-05-02,0.02111203036544962,0.010235306868774274
2019-05-03,0.03813500732693531,0.026319713649915144
2019-05-04,,
2019-05-05,,
2019-05-06,-0.0039665086704546715,0.0607724632532487
2019-05-07,0.03090132290138936,-2.1757477007500192e-05
2019-05-08,0.02784361218091258,0.008375227731492685
2019-05-09,0.035127206311617476,-0.0008327474367219034
2019-05-10,0.029370509900059183,0.01303608932803546
2019-05-11,,
2019-05-12,,
2019-05-13,0.14497095252419812,0.07495640361616618
2019-05-14,0.014953011691218876,0.09512179630955742
2019-05-15,0.02052336003095845,0.1323359957892365
2019-05-16,-0.04792653102113831,0.059309276677031786
2019-05-17,-0.06277647821971599,-0.07084700239800323
2019-05-18,,
2019-05-19,,
2019-05-20,-0.020011912933486142,-0.029332090737751337
2019-05-21,-0.010373543775470062,0.004810809713673647
2019-05-22,-0.032746345622774786,-0.03838374578672943
2019-05-23,0.03818737242391179,0.017090952717573882
2019-05-24,0.012034805352422628,0.012954611639578228
2019-05-25,,
2019-05-26,,
2019-05-27,,
2019-05-28,-0.001369873384152065,0.00436652115396341
2019-05-29,-2.316262888601983e-05,-0.0015989891120138378
2019-05-30,-0.04136352529442411,-0.05255850899996073
2019-05-31,0.04384987487779324,0.06109132317677324
2019-06-01,,
2019-06-02,,
2019-06-03,-0.05830832373111183,-0.06243070490380642
2019-06-04,-0.08249025421778966,-0.06604354760487874
2019-06-05,0.006947630060506027,0.015507031276694505
2019-06-06,-0.006417775721985874,0.003673439242793064
2019-06-07,0.017874532312429636,-0.00466130470120274
2019-06-08,,
2019-06-09,,
2019-06-10,0.035955107959596555,0.057262915257049185
2019-06-11,-0.008726682923712592,-0.006672975449316554
2019-06-12,0.029554141252839283,0.06356159816791362
2019-06-13,0.0063454479243003625,-0.022244063424572524
2019-06-14,0.05785176439056472,0.03252344784952488
2019-06-15,,
2019-06-16,,
2019-06-17,0.0352975488174645,0.01811530202046563
2019-06-18,-0.03531611888190722,-0.04361283310480979
2019-06-19,0.01812954691237123,0.013539665794183975
2019-06-20,0.017878642107861387,-0.0010722243431529055
2019-06-21,0.06606305082076669,0.08670526952326485
2019-06-22,,
2019-06-23,,
2019-06-24,0.01607795914790988,0.010168095293204393
2019-06-25,0.08031703391735168,0.03430634019037615
2019-06-26,0.1051542523517337,0.05978581627889712
2019-06-27,-0.14468006678801082,-0.12998547267436844
2019-06-28,0.10374333089531818,0.051871945307269574
2019-06-29,,
2019-06-30,,
2019-07-01,-0.029306530602864256,0.0024589879631575773
2019-07-02,0.01772200938456625,-0.009891330811904187
2019-07-03,0.09968053799354415,0.03177779401115166
2019-07-04,,
2019-07-05,-0.01932374046590357,0.014016846313132048
2019-07-06,,
2019-07-07,,
2019-07-08,0.07776556282537117,0.029535589450751965
2019-07-09,0.022192990543218105,-0.015188272072915843
2019-07-10,-0.0376986753159575,-0.06563027337405147
2019-07-11,-0.06791683826631412,-0.07572703108671408
2019-07-12,0.03564208107321498,0.02356206117411186
2019-07-13,,
2019-07-14,,
2019-07-15,0.06213181221152286,0.009482035227653007
2019-07-16,-0.1266958773269954,-0.12971422234086238
2019-07-17,0.02933863724886221,0.06826306558157125
2019-07-18,0.09675847291214223,0.06772902673044201
2019-07-19,-0.006550067953503436,-0.016919114218798326
2019-07-20,,
2019-07-21,,
2019-07-22,-0.02698163026127398,-0.03859843744147162
2019-07-23,-0.049613974126142324,-0.02905515458719532
2019-07-24,-0.013661343984648466,0.01560932603376064
2019-07-25,0.015445481683042384,0.017110638280093737
2019-07-26,-0.011578447161241456,-0.007334774038630476
2019-07-27,,
2019-07-28,,
2019-07-29,-0.0019131898363800026,0.002002012379500262
2019-07-30,0.01185234925834766,-0.0009498344895562116
2019-07-31,0.06065994222958038,0.04951101595507734
2019-08-01,0.040136396098197635,0.0051310895126543965
2019-08-02,0.018677834963058304,0.007572525273906283
2019-08-03,,
2019-08-04,,
2019-08-05,0.10593600289088101,0.08162723942446115
2019-08-06,-0.04075662945322267,-0.04800356268996109
2019-08-07,0.03964016297911299,0.0008717121709462816
2019-08-08,-0.016715780589603657,-0.042831900430768566
2019-08-09,-0.002030215939737401,-0.04069430004581298
2019-08-10,,
2019-08-11,,
2019-08-12,8.47311110451221e-05,-0.009917581924042684
2019-08-13,-0.05789734576241201,-0.02733784230085967
2019-08-14,-0.048179670409655095,-0.07660250304464666
2019-08-15,0.023386224448485704,0.0076870734569793875
2019-08-16,-0.008336512555933373,-0.030669967094674844
2019-08-17,,
2019-08-18,,
2019-08-19,0.04301242566308927,0.032103317793588104
2019-08-20,-0.006084913974584993,-0.024221049562664465
2019-08-21,-0.0663319099254095,-0.0574608643363983
2019-08-22,-0.00018372108247011187,0.02427002425831537
2019-08-23,0.05327910061325425,0.04357689599164405
2019-08-24,,
2019-08-25,,
2019-08-26,0.01192979884204659,0.00018668035361035784
2019-08-27,-0.014666202279681628,-0.004274278626597128
2019-08-28,-0.04886804897908781,-0.07921468122610054
2019-08-29,-0.03772437066336087,-0.03783670444682907
2019-08-30,0.008607566872330441,-0.004665198814029159
2019-08-31,,
2019-09-01,,
2019-09-02,,
2019-09-03,0.03364945612817283,0.013358248376181603
2019-09-04,-0.01357626464974293,-0.030376621448610863
2019-09-05,-0.014799439251987345,-0.023099762666282442
2019-09-06,-0.021924284336128808,-0.025368328590553935
2019-09-07,,
2019-09-08,,
2019-09-09,-0.010086921565249263,-0.0010422021439705498
2019-09-10,-0.021512343489739072,-0.007842603009092342
2019-09-11,-0.0010615927565134076,-0.013134867541893747
2019-09-12,0.01989024270236084,0.009937189475445418
2019-09-13,-0.004038268609519058,0.0012416126480404577
2019-09-14,,
2019-09-15,,
2019-09-16,-0.00371801558465501,0.0417260569828215
2019-09-17,-0.006038223817639632,0.055737893157812746
2019-09-18,-0.004543698151018516,0.013004247204076114
2019-09-19,0.0066641888935670135,0.04675464167698862
2019-09-20,-0.00336179078995813,-0.0097048798364886
2019-09-21,,
2019-09-22,,
2019-09-23,-0.03377150434570109,-0.0453972089449739
2019-09-24,-0.10554397584763975,-0.15902792373779673
2019-09-25,-0.02165330766084439,0.010389805809997155
2019-09-26,-0.040934546321600096,-0.021946441483280843
2019-09-27,0.02168269182809701,0.05320216666495492
2019-09-28,,
2019-09-29,,
2019-09-30,0.018357820893475374,0.049899734688081177
2019-10-01,0.018215662444898473,-0.0018170713784368964
2019-10-02,0.023867918070657468,0.036906728119027954
2019-10-03,-0.023824368380253147,-0.03846919263799542
2019-10-04,-0.02076077469275739,-0.0040246610407481676
2019-10-05,,
2019-10-06,,
2019-10-07,0.036709394672290174,0.051440217872199434
2019-10-08,0.013518557042345614,0.020170613512611513
2019-10-09,0.03548973379725173,0.05282050151378348
2019-10-10,-0.007493723293564569,-0.01486703393313571
2019-10-11,-0.04176843417563281,-0.05836664687546578
2019-10-12,,
2019-10-13,,
2019-10-14,0.00783830665921914,0.028220798040271777
2019-10-15,-0.030173394216022387,-0.039666940391369976
2019-10-16,-0.01723693765448564,-0.027726849814898924
2019-10-17,0.004243611260499547,0.008684230035022056
2019-10-18,-0.012209154213101203,-0.020835181545388104
2019-10-19,,
2019-10-20,,
2019-10-21,-0.004239321309574828,-0.010366002120960283
2019-10-22,-0.016509373751122935,-0.011410281428416713
2019-10-23,-0.07260662471674717,-0.06029355406778514
2019-10-24,-0.004739362796842506,-0.003362823854459518
2019-10-25,0.15169078578842332,0.11527642884595268
2019-10-26,,
2019-10-27,,
2019-10-28,-0.03652520266491066,-0.014153757083355312
2019-10-29,0.01936485514787789,0.04287578842885764
2019-10-30,-0.02679685604784454,-0.032938844183944105
2019-10-31,0.0023557097288742224,-0.0009039135469796067
2019-11-01,-0.002975154533304547,-0.009646135710638548
2019-11-02,,
2019-11-03,,
2019-11-04,0.015489252014294852,0.017839969032857894
2019-11-05,-0.006260097334975234,0.017010241976215812
2019-11-06,0.0012619032830920585,0.011392669385754006
2019-11-07,-0.012699143776091604,-0.021610158227311937
2019-11-08,-0.05248535157956524,-0.022590113941240775
2019-11-09,,
2019-11-10,,
2019-11-11,-0.030916651295673003,-0.019082970968627766
2019-11-12,0.005043668138361657,0.005733713526325568
2019-11-13,-0.0015509605917091163,0.00686342191263245
2019-11-14,-0.012209084740521181,-0.01283711627872508
2019-11-15,-0.032511806413551336,-0.03714957960969856
2019-11-16,,
2019-11-17,,
2019-11-18,-0.03182634810627827,-0.025133907853689852
2019-11-19,-0.011820063563375283,-0.016598765382146996
2019-11-20,-0.018041819368831646,-0.00614601680427207
2019-11-21,-0.0463187362191545,-0.0794402848725787
2019-11-22,-0.047469152971313155,-0.07150706477885538
2019-11-23,,
2019-11-24,,
2019-11-25,0.006428271371353267,0.017989506617157147
2019-11-26,0.007913073423066574,0.014793747508416777
2019-11-27,0.03922760932724434,0.022982811154664606
2019-11-28,,
2019-11-29,0.04395942603139713,0.027651042816960736
2019-11-30,,
2019-12-01,,
2019-12-02,-0.005148586325499749,-0.0054349238243392994
2019-12-03,0.006386383076022573,-0.0007599436153729044
2019-12-04,-0.015628128853343637,-0.014492693357195607
2019-12-05,0.025564257448061678,0.015544325625691968
2019-12-06,0.0041141490731206876,-0.009501205666015977
2019-12-07,,
2019-12-08,,
2019-12-09,-0.018444591011593237,-0.016931448392419224
2019-12-10,-0.015492865112708976,-0.012113507818511837
2019-12-11,-0.011247260403617676,-0.021087605391087116
2019-12-12,-0.005013336518067568,0.005323865810263895
2019-12-13,0.003592979353056913,-0.004600407049766719
2019-12-14,,
2019-12-15,,
2019-12-16,-0.03788218104481389,-0.07353471129014699
2019-12-17,-0.042450809154834124,-0.08273785873086037
2019-12-18,0.09625125950905533,0.0859785382414372
2019-12-19,-0.014622806928998644,-0.03279344837069431
2019-12-20,-0.002727366422550004,-0.0069172813945890255
2019-12-21,,
2019-12-22,,
2019-12-23,-0.021628818925232052,-0.029258962200769068
2019-12-24,-0.0043039767642933935,0.003692723796778985
2019-12-25,,
2019-12-26,-0.010102443146001838,-0.005866878160182831
2019-12-27,0.007028035715340275,0.006719607469360511
2019-12-28,,
2019-12-29,,
2019-12-30,-0.011686984993386496,-0.009984445133035091
2019-12-31,-0.016575006833181583,-0.025735363117669552
2020-01-01,,
2020-01-02,-0.03819811379661431,-0.03430977262338575
2020-01-03,0.05851155301818789,0.06012886400285189
2020-01-04,,
2020-01-05,,
2020-01-06,0.04475784702371555,0.0553715579611358
2020-01-07,0.05357706352335301,-0.002464521774208861
2020-01-08,-0.015170987207481557,-0.02082689779139235
2020-01-09,-0.03150611729972064,-0.022788436267342838
2020-01-10,0.039342088008416876,0.038720911783943435
2020-01-11,,
2020-01-12,,
2020-01-13,-0.012871859312016176,-0.018269183521709254
2020-01-14,0.0854479352833285,0.15217169070055026
2020-01-15,-0.004221163860591126,-0.00021111571147147679
2020-01-16,-0.01781634990063896,-0.019433541906034968
2020-01-17,0.019665704081369695,0.03500218821973444
2020-01-18,,
2020-01-19,,
2020-01-20,,
2020-01-21,0.012845473405483698,0.018069897803283608
2020-01-22,-0.007723289561152424,-0.008556769917028473
2020-01-23,-0.03274606704366001,-0.033023254924683054
2020-01-24,0.013671669976000222,0.009794767529800241
2020-01-25,,
2020-01-26,,
2020-01-27,0.052138215351053674,0.032709737532150784
2020-01-28,0.040314602330854266,0.021768842686300305
2020-01-29,-0.0036168207078906,-0.006617306479870244
2020-01-30,0.017513035077018957,0.05193630922010728
2020-01-31,0.001041183748058172,-0.0068233016992694795
2020-02-01,,
2020-02-02,,
2020-02-03,-0.012695806051244207,-0.0006405982487225348
2020-02-04,-0.027091824173958723,-0.018216665537959975
2020-02-05,0.035853494755978765,0.06790177483183557
2020-02-06,0.008780127614238964,0.03637873257849522
2020-02-07,0.012198663240885144,0.05431781341987307
2020-02-08,,
2020-02-09,,
2020-02-10,-0.033032661024507526,-0.029445101326400214
2020-02-11,0.0339855020813884,0.05346697260211175
2020-02-12,0.005078829675370322,0.11884908922902793
2020-02-13,-0.00918443913684397,0.011777646196394542
2020-02-14,0.00772499104064539,0.05827692909128013
2020-02-15,,
2020-02-16,,
2020-02-17,,
2020-02-18,0.049550228007909425,0.06141574238418546
2020-02-19,-0.05485467952221024,-0.08337595544368459
2020-02-20,0.001229642040021961,-0.003169674530441813
2020-02-21,0.018632329469714937,0.040179568980308056
2020-02-22,,
2020-02-23,,
2020-02-24,0.005870892033695063,0.002325981362755636
2020-02-25,-0.0016851708098156726,-0.03532235243068549
2020-02-26,-0.052012470122975385,-0.08555059857547154
2020-02-27,0.04007867340472915,0.048918367727135426
2020-02-28,-0.004515793783500088,0.008269666262194497
2020-02-29,,
2020-03-01,,
2020-03-02,-0.01015976137720287,0.006932186908551019
2020-03-03,0.018876046310158823,0.001694420405269681
2020-03-04,-0.045905522768181495,-0.042031734885865646
2020-03-05,0.07087322844416521,0.055079403718557685
2020-03-06,0.02187645914868419,0.0792392088240157
2020-03-07,,
2020-03-08,,
2020-03-09,0.05321820790357645,0.08243378450844252
2020-03-10,-0.05115251117166597,-0.05543179224600203
2020-03-11,0.04908342912973451,0.019487528171386326
2020-03-12,-0.27658272480700785,-0.328359520806184
2020-03-13,0.026409491437821897,0.09275601854121573
2020-03-14,,
2020-03-15,,
2020-03-16,0.04977135610703143,0.003173095057958708
2020-03-17,-0.017846923506637413,-0.029785772132342014
2020-03-18,0.05428208488302477,0.0597253388352601
2020-03-19,0.17716965652476224,0.1846960979726564
2020-03-20,0.044584690756534595,0.015124813007628246
2020-03-21,,
2020-03-22,,
2020-03-23,0.12981432977199836,0.12327988164426984
2020-03-24,-0.04419028205839193,-0.06529169235684495
2020-03-25,-0.019514562429937987,-0.030023960329230825
2020-03-26,-0.05711898229516055,-0.04651306143634981
2020-03-27,-0.003034874827121059,0.0017158841256025292
2020-03-28,,
2020-03-29,,
2020-03-30,0.05223119695641709,0.02477820002030806
2020-03-31,0.01738185088341737,0.02119716718115061
2020-04-01,0.07025526909440694,0.05941998457412678
2020-04-02,0.005451929348978757,0.024316382399482528
2020-04-03,0.0062703988377759146,0.01557479697576225
2020-04-04,,
2020-04-05,,
2020-04-06,0.0004450985308335209,0.1079329473610291
2020-04-07,-0.011511575368753024,-0.022247257436813883
2020-04-08,-0.012083900220613675,0.01161106367659448
2020-04-09,-0.018851778590386448,-0.025113929751292563
2020-04-10,,
2020-04-11,,
2020-04-12,,
2020-04-13,-0.00797778071674271,-0.02007287854954709
2020-04-14,-0.030953798337501115,-0.02214629955961067
2020-04-15,-0.007245405028662888,-0.005314730007678459
2020-04-16,0.0656506893150477,0.11728898707061575
2020-04-17,-0.02969089774562428,-0.02980711413747683
2020-04-18,,
2020-04-19,,
2020-04-20,-0.02488544610152499,-0.03342425632924395
2020-04-21,0.030437237091474834,0.03323172546347031
2020-04-22,0.011498947735256282,0.03416136666218805
2020-04-23,0.04444950156693006,0.013842275643335511
2020-04-24,0.0023915943038776977,0.008825807746708936
2020-04-25,,
2020-04-26,,
2020-04-27,0.0003556704866833904,-0.015184426661559614
2020-04-28,0.006712104262781571,0.01127943202624837
2020-04-29,0.10073415740074276,0.06692117843026679
2020-04-30,-0.006976987776948995,-0.03395596588758143
2020-05-01,0.051875101437455884,0.0599327667834515
2020-05-02,,
2020-05-03,,
2020-05-04,-0.0025430288400924983,-0.017330482301277095
2020-05-05,0.0011040553087398042,-0.015763825894262062
2020-05-06,0.036490658716943014,-0.0061683663935721
2020-05-07,0.06215749636284351,0.028845242695614948
2020-05-08,-0.027809768831769555,-0.013563874724888958
2020-05-09,,
2020-05-10,,
2020-05-11,-0.01779269983156606,-0.01437881799253038
2020-05-12,0.04406308466314146,0.038786716958945866
2020-05-13,0.07033463271914653,0.06965565135704543
2020-05-14,0.038500461084127746,0.007330317796473862
2020-05-15,-0.045588168833360365,-0.040026281294640254
2020-05-16,,
2020-05-17,,
2020-05-18,-0.0257275568746429,0.004057818740651475
2020-05-19,0.010737643299514543,0.005478260236872368
2020-05-20,-0.03783060519050374,-0.03236600147908575
2020-05-21,-0.03855847516464839,-0.040837996045421265
2020-05-22,0.00874714273173094,0.03409542655137732
2020-05-23,,
2020-05-24,,
2020-05-25,,
2020-05-26,-0.02035946801032562,-0.028933638871438627
2020-05-27,0.02433086968019471,0.01965031782443205
2020-05-28,0.03965641337317849,0.05466382964554617
2020-05-29,-0.013906260016467886,-0.001015497265175469
2020-05-30,,
2020-05-31,,
2020-06-01,0.0708925176223758,0.06558962427910253
2020-06-02,-0.0709084673033814,-0.04777770603923959
2020-06-03,-0.0003314163894352351,0.015692112416226367
2020-06-04,0.018272189563303565,0.004380507930347388
2020-06-05,-0.03999691219009327,-0.039321565372828604
2020-06-06,,
2020-06-07,,
2020-06-08,-0.010746657756040667,-0.007380938829423478
2020-06-09,0.01027687154197987,0.0021216002928102773
2020-06-10,0.012907661777320834,0.015657592551434507
2020-06-11,0.0033911420957111194,-0.004675179242674132
2020-06-12,0.004002672214512781,0.011930399185483553
2020-06-13,,
2020-06-14,,
2020-06-15,-0.0015032655198579103,-0.02619145026268377
2020-06-16,-0.009722652680200117,0.0005534819916508393
2020-06-17,-0.002456406308719461,-0.0023203440553111188
2020-06-18,-0.007810756173604494,-0.0045727479074021415
2020-06-19,-0.007506490990788817,-0.01573290599524879
2020-06-20,,
2020-06-21,,
2020-06-22,0.030596691050092995,0.05264893660122505
2020-06-23,-0.006282755335197843,0.0023265004795218758
2020-06-24,-0.006965114329796407,-0.008426846276574862
2020-06-25,-0.01619882438473097,-0.022953980984234512
2020-06-26,0.01322880711485852,0.010161560451884877
2020-06-27,,
2020-06-28,,
2020-06-29,-0.00951570320733941,-0.00204875982875663
2020-06-30,-0.02116134499678124,-0.0236478598263965
2020-07-01,0.004863231167908433,0.016180303543470886
2020-07-02,-0.01591013088332771,-0.011988794984872597
2020-07-03,,
2020-07-04,,
2020-07-05,,
2020-07-06,0.01734878710125587,0.044934156966235594
2020-07-07,-0.0023218124926359662,0.0007374292569622964
2020-07-08,0.011200848232769678,0.023938555257954075
2020-07-09,-0.010304585160027857,-0.009169865151114731
2020-07-10,-0.010375671693988231,-0.018823608535211922
2020-07-11,,
2020-07-12,,
2020-07-13,0.0058174332040941135,-0.0010744054335878328
2020-07-14,-0.01344967575813405,-0.010873393063582926
2020-07-15,-0.014532096510024517,-0.016525342802812815
2020-07-16,-0.0031870183858451195,-0.016653341964001145
2020-07-17,-0.0007500961670947603,-0.006562875678918778
2020-07-18,,
2020-07-19,,
2020-07-20,-0.010756783236868461,-0.01819507363160855
2020-07-21,0.021307729850680746,0.035854051968450484
2020-07-22,0.010303866415903862,0.06434578743856845
2020-07-23,0.018168271813103987,0.059988927641821066
2020-07-24,0.001579286174210548,0.02266851565628858
2020-07-25,,
2020-07-26,,
2020-07-27,0.10221494840329015,0.030940810784814365
2020-07-28,-0.0006279772285482377,-0.008632735906376143
2020-07-29,0.004766534467824712,-0.007585188799063669
2020-07-30,0.004718342970599476,0.055278276482647604
2020-07-31,0.011432054587996232,0.025110348117425962
2020-08-01,,
2020-08-02,,
2020-08-03,0.010255340792590717,0.03496802721293113
2020-08-04,-0.007209203816192833,0.005656371293641715
2020-08-05,0.041860022889405935,0.023618574408948767
2020-08-06,-0.0036397511563548424,-0.02293366556280152
2020-08-07,-0.015769155391869627,-0.03974841269407392
2020-08-08,,
2020-08-09,,
2020-08-10,0.014590455177522,0.009446118206543952
2020-08-11,-0.031396196168939516,-0.03119225076353227
2020-08-12,0.0012884111897200068,0.013975472953143608
2020-08-13,0.019242113494609137,0.09850566644124192
2020-08-14,-0.001123603827121622,0.02036137358158807
2020-08-15,,
2020-08-16,,
2020-08-17,0.02769488488327876,-0.012519669280208756
2020-08-18,-0.023778816763424748,-0.015950665537607378
2020-08-19,-0.015022247898200947,-0.0362063347738214
2020-08-20,0.0070543988154296855,0.021384752791321127
2020-08-21,-0.027508624720550046,-0.06902911502810971
2020-08-22,,
2020-08-23,,
2020-08-24,-0.0006352586242008851,0.032777908298349256
2020-08-25,-0.03828632811408339,-0.0627498396733337
2020-08-26,0.0005580690980824254,-0.0037762013961086804
2020-08-27,-0.016032463565080257,-0.011592372639972925
2020-08-28,0.01261697897909242,0.027875119752598376
2020-08-29,,
2020-08-30,,
2020-08-31,-0.0004251535198439571,0.017797438093563156
2020-09-01,0.017272717943586313,0.08894503464522074
2020-09-02,-0.061850631874729944,-0.0929494814413544
2020-09-03,-0.06726890624200155,-0.08842774030232103
2020-09-04,0.034146613273648874,0.014794650808296894
2020-09-05,,
2020-09-06,,
2020-09-07,,
2020-09-08,0.004800052133291044,-0.01497828391528122
2020-09-09,-0.009205780781420092,0.019866290586463276
2020-09-10,0.029378108188854446,0.06597956647884917
2020-09-11,0.003112129921747586,0.017379589464673773
2020-09-12,,
2020-09-13,,
2020-09-14,0.021846537266003496,0.019259914432369962
2020-09-15,0.005651817513263158,-0.03816580038184603
2020-09-16,0.021100824574099453,0.007286086539873282
2020-09-17,0.006051077691481721,0.07185181562273746
2020-09-18,0.010780331208819827,-0.0007825910849933448
2020-09-19,,
2020-09-20,,
2020-09-21,-0.031946873950398635,-0.06730376913889136
2020-09-22,-0.0032345537374545152,-0.0025682672298039666
2020-09-23,-0.004012604724248692,-0.044164307904406286
2020-09-24,0.04716586283369284,0.0849535228866618
2020-09-25,-0.022235929642315022,-0.007882833458306981
2020-09-26,,
2020-09-27,,
2020-09-28,-0.022200159147757303,-0.022486676669449368
2020-09-29,0.017417032358075568,0.017758842038602562
2020-09-30,-0.013800172674709232,-0.007752038432250252
2020-10-01,-0.02059631938723605,-0.02399600684486325
2020-10-02,0.005483536641172848,-0.010147425862619519
2020-10-03,,
2020-10-04,,
2020-10-05,-0.006373618615126864,-0.014064978859765098
2020-10-06,-0.003531162784277453,-0.023152315081469088
2020-10-07,-0.011308438709067392,-0.014483684088265836
2020-10-08,0.0151146229624608,0.018196069723255937
2020-10-09,0.004835594299942514,0.03346909268636211
2020-10-10,,
2020-10-11,,
2020-10-12,-0.001379054366984489,0.017142740999603445
2020-10-13,-0.0048968499120572995,-0.010561745278566015
2020-10-14,0.006938867691432815,0.0021457917425042883
2020-10-15,0.0072885731417475785,-0.003853694031512145
2020-10-16,-0.015204235948888423,-0.029842361279510454
2020-10-17,,
2020-10-18,,
2020-10-19,0.038856108232468545,0.020882569918131644
2020-10-20,0.010116654112662049,-0.03314970986964305
2020-10-21,0.07833939983234384,0.06464690666089346
2020-10-22,0.005870071119976172,0.04981312468205057
2020-10-23,-0.00609522320849365,-0.013128154398282632
2020-10-24,,
2020-10-25,,
2020-10-26,0.021971688247725885,-0.011762281240621397
2020-10-27,0.04730551375431569,0.028689562341356556
2020-10-28,0.007242869107128125,-0.0026981985381748785
2020-10-29,0.0006059511513865079,-0.016889165887973623
2020-10-30,0.02021404056984999,0.002018782089405091
2020-10-31,,
2020-11-01,,
2020-11-02,-0.0259033250739219,-0.04562507299241059
2020-11-03,0.011706001761545792,-0.0061971666846047935
2020-11-04,-0.008899916535316743,0.01546520002468621
2020-11-05,0.0828584216628021,0.010194358407648263
2020-11-06,-0.0006088225997817887,0.09846486467026039
2020-11-07,,
2020-11-08,,
2020-11-09,-0.021212505393054526,-0.03240680513308736
2020-11-10,-0.0013012187777226014,0.013819935411279238
2020-11-11,0.019190022696892406,0.021882264318676903
2020-11-12,0.046599906782241796,0.005755182921416413
2020-11-13,-0.011062850169627492,0.015936258988626717
2020-11-14,,
2020-11-15,,
2020-11-16,0.03601700254367146,0.01601582318529493
2020-11-17,0.06038469867360985,0.049188522928234946
2020-11-18,0.020552000027432293,0.00974017373889613
2020-11-19,-0.003211495246505658,-0.02032579704202031
2020-11-20,0.05193033378648482,0.0876061446680928
2020-11-21,,
2020-11-22,,
2020-11-23,-0.005956054760169471,0.08465043657659854
2020-11-24,0.02431627918183943,-0.023650011654199776
2020-11-25,-0.01805940867713851,-0.05341020902310356
2020-11-26,,
2020-11-27,-0.004858751283102203,-0.004917132034161775
2020-11-28,,
2020-11-29,,
2020-11-30,0.08427382451135201,0.07247899437900085
2020-12-01,-0.05319737025716442,-0.05602788842294071
2020-12-02,0.01938062469056212,0.016985796210429394
2020-12-03,0.013347763206013608,0.031302413091827685
2020-12-04,-0.047181186861337654,-0.08562216849653492
2020-12-05,,
2020-12-06,,
2020-12-07,-0.005998687888218113,-0.014787220126031064
2020-12-08,-0.048144739310818974,-0.06533007288758186
2020-12-09,0.02065423723924631,0.041565697096198284
2020-12-10,-0.014286975549637093,-0.022779597519014483
2020-12-11,-0.010018305667483518,-0.023537064679404307
2020-12-12,,
2020-12-13,,
2020-12-14,0.009805914312815855,-0.0018342184274942053
2020-12-15,-0.0040660762952642315,-0.007214069546424895
2020-12-16,0.09574554726030593,0.07768044976104038
2020-12-17,0.06437475975680851,0.00475369276900417
2020-12-18,0.018104246929763312,0.022088696001989594
2020-12-19,,
2020-12-20,,
2020-12-21,-0.024811412791045373,-0.04070186982041446
2020-12-22,0.045047444353888744,0.043128534923987716
2020-12-23,-0.02352186930631539,-0.0812991140783832
2020-12-24,0.01774467388324874,0.044248061074473766
2020-12-25,,
2020-12-26,,
2020-12-27,,
2020-12-28,0.022204105877208224,0.06123359661393635
2020-12-29,0.012477708984713898,0.0037645446011143058
2020-12-30,0.05269299975432151,0.026133914786735657
2020-12-31,-0.0008645975214351953,-0.02481992545323841
2021-01-01,,
2021-01-02,,
2021-01-03,,
2021-01-04,-0.00995726386439777,0.08110523599311448
2021-01-05,0.056114047686314006,0.05037867186021505
2021-01-06,0.07760085778032799,0.09165877267266098
2021-01-07,0.0543100531893681,0.0005330622068171476
2021-01-08,0.030742058681031414,-0.0067001935113207844
2021-01-09,,
2021-01-10,,
2021-01-11,-0.06617832452908468,-0.12979041659497037
2021-01-12,-0.04663033603202671,-0.04326405257250232
2021-01-13,0.09775690461894304,0.08139501678072891
2021-01-14,0.053891467768760415,0.08132531386956454
2021-01-15,-0.053083605962756075,-0.03107027504320914
2021-01-16,,
2021-01-17,,
2021-01-18,,
2021-01-19,-0.02343173812850108,0.08732076387180254
2021-01-20,-0.02840905311538755,-0.010321063935607722
2021-01-21,-0.13315361263252634,-0.18892127457126906
2021-01-22,0.07373291097543577,0.10549299359654507
2021-01-23,,
2021-01-24,,
2021-01-25,-0.0012306548163030229,-0.0519013561567655
2021-01-26,0.007774878377806882,0.026136221975967988
2021-01-27,-0.03994425787717415,-0.05086345006393045
2021-01-28,0.0899204214472229,0.05352207423629318
2021-01-29,0.04471904623293421,0.05685811388119422
2021-01-30,,
2021-01-31,,
2021-02-01,-0.003283284484614679,0.025054580360021728
2021-02-02,0.04493534443887226,0.09285777545975438
2021-02-03,0.05423718498864938,0.09516092296668899
2021-02-04,-0.02542483291841624,-0.050678981711789306
2021-02-05,0.029093923059071658,0.07378692441259305
2021-02-06,,
2021-02-07,,
2021-02-08,0.1800653605264284,0.07461449603101356
2021-02-09,0.007275019344420208,0.013376156975824172
2021-02-10,-0.03327968113652857,-0.013111352135593668
2021-02-11,0.06492854220159727,0.021014722610015024
2021-02-12,-0.013153597546204154,0.02877635097176867
2021-02-13,,
2021-02-14,,
2021-02-15,,
2021-02-16,0.026741201574717155,0.0012864934870072675
2021-02-17,0.06026234880476233,0.0381577056104897
2021-02-18,-0.0045816944105825375,0.05255916399339611
2021-02-19,0.0832858837464745,0.013579323575314994
2021-02-20,,
2021-02-21,,
2021-02-22,-0.05018560500230629,-0.07162652265051794
2021-02-23,-0.10055823251789364,-0.12010583061532953
2021-02-24,0.006690668612100215,0.024549267406922537
2021-02-25,-0.02806039029692886,-0.06827550187750797
2021-02-26,-0.011262389697846431,-0.015355553313471937
2021-02-27,,
2021-03-01,,
2021-03-02,,
2021-03-03,,
2021-03-04,,
2021-03-05,,
2021-03-08,,
2021-03-09,,
2021-03-10,,
2021-03-11,,
2021-03-12,,
2021-03-15,,
2021-03-16,,
2021-03-17,,
2021-03-18,,
2021-03-19,,
2021-03-22,,
2021-03-23,,
2021-03-24,,
2021-03-25,,
2021-03-26,,
2021-03-29,,
2021-03-30,,
2021-03-31,,
2021-04-01,,
2021-04-05,,
2021-04-06,,
2021-04-07,,
2021-04-08,,
2021-04-09,,
