date,percent_change_msft,percent_change_aapl,percent_change_gme
2016-04-11,,,
2016-04-12,-0.003401786092770198,0.0033629897017315447,-0.0026340308515879762
2016-04-13,0.0027686225230290074,0.004447343884774746,0.03582225211914447
2016-04-14,7.792684605600897e-06,0.00036264723874435134,0.005546857290377183
2016-04-15,0.006222700726191466,-0.01910494464617929,0.005407642146531444
2016-04-18,0.008014282464078537,-0.028098034266258454,0.0066707281924052175
2016-04-19,-0.004324319747533556,-0.008369208079739066,0.004366598193453974
2016-04-20,-0.014948527196151917,0.0012587385646676275,0.012797707410897585
2016-04-21,0.0086119448407741,-0.005596765734772524,-0.012440475446729105
2016-04-22,-0.07175810345859612,-0.0028032578664043406,0.015117770378788586
2016-04-25,0.008185144304853176,-0.0038654897613016326,0.0018120272712495167
2016-04-26,-0.014730210722169512,-0.008838914770302853,0.013980864816910632
2016-04-27,-0.011369438313958424,-0.06420927183906744,0.00015134418255513538
2016-04-28,-0.011185333232777595,-0.021315057973387175,-0.005149025524111672
2016-04-29,0.004461881403438617,-0.00645201657980643,0.002023570130436636
2016-05-02,0.007028576919464902,-0.008876783845919944,-0.02122463753567938
2016-05-03,-0.007723193906396197,0.025122690321402796,-0.024079762435361363
2016-05-04,0.007744844653404193,-0.004443442351126148,-0.011954484150521472
2016-05-05,0.0016425433612862195,-0.009868121585172585,-0.020255575873643128
2016-05-06,0.0058361788387446545,-0.00875163971383175,-0.003838865289267246
2016-05-09,-0.007103939631086353,2.3058223953320578e-05,0.0025698899748896054
2016-05-10,0.0064897703901189985,-0.005715841985334036,-0.001552895019083289
2016-05-11,0.010149555085683715,-0.00015799575408481648,-0.03368877727235109
2016-05-12,0.009180309610480553,-0.02330849942265323,-0.0032551216749903134
2016-05-13,0.00013033671398154922,0.010470703207102305,-0.004236546305430244
2016-05-16,0.004886162248776582,0.027322180576365263,0.00029729023784996755
2016-05-17,-0.016056555065957046,0.005235777434981603,-0.00988571584485387
2016-05-18,0.005734260674230773,0.011261555042511251,-0.015314082069557755
2016-05-19,-0.005937046551856673,-0.00010038223960340265,0.022258276268050547
2016-05-20,-5.764561678711644e-05,0.004808535663781477,-0.008471328693084756
2016-05-23,-0.009570027380447987,0.014813863164444996,0.0017343211694432759
2016-05-24,0.017499917814589372,0.0015417890250304378,-0.0056026940991193985
2016-05-25,0.0032985585327052203,0.010594197657960436,0.028913751494094253
2016-05-26,-0.004202421387619615,0.008160682736524927,0.008619486398985798
2016-05-27,0.003999884228790274,-0.004924250245059603,-0.04364644927471706
2016-05-31,0.014002153752760482,-0.003857864637065611,0.011421878523402706
2016-06-01,-0.003965170438467114,-0.015154609237691852,-0.006289620934479712
2016-06-02,-0.009825656814840045,-0.010340453174521702,-0.004897249601149789
2016-06-03,-0.010236111486026878,0.004958418305412993,-0.0060878994918354135
2016-06-06,0.0016677069702120129,0.0023331251938829567,-0.010485810448833899
2016-06-07,-0.0018649444520039138,0.002766183341833983,-0.0016407070125851186
2016-06-08,-0.004461086861828556,-0.0041980929409561885,-0.01139097330378902
2016-06-09,-0.006353020697553613,0.008913974711274197,-0.032288682058347784
2016-06-10,0.006463095561979881,0.0009465869924367709,-0.01796082429352097
2016-06-13,-0.017914339036725013,-0.0069811380840971715,-0.010731401774632165
2016-06-14,-0.0043837985893498965,0.0030316821574294384,-0.009726273390218587
2016-06-15,-0.0009688724869071352,-0.0014427183257388343,0.017386735180015322
2016-06-16,0.010954346103456913,0.0011083058007905766,-0.010787032918734951
2016-06-17,-0.0019017979138653551,-0.019499137647053022,0.011742337031401928
2016-06-20,-0.007005059120598234,-0.008241771499571393,0.003752058415871895
2016-06-21,0.019656575358280914,0.005826272167606117,-0.023924229696460464
2016-06-22,-0.002255426128849769,-0.0021018536942888355,0.007843537424040314
2016-06-23,0.004678731327582231,-0.007628925033599687,-0.000671714461184747
2016-06-24,-0.004149565816589984,0.007824051372048668,-0.0016799111812006995
2016-06-27,-0.009999019907977358,0.0035354770390300105,0.024410632737378313
2016-06-28,0.003084639994610061,-0.0009514275995547994,0.003798425405532546
2016-06-29,0.00521654503386082,-0.008356319879946339,-0.0032130681695259344
2016-06-30,-0.0010996284291964198,-0.0008531379836356212,-0.007128046691816214
2016-07-01,-0.0021441039088062608,0.0010638754004617113,0.016110013844127247
2016-07-05,0.00704298892387667,-0.002538426558637785,-0.02123821168612494
2016-07-06,-0.0012490289295084,0.00033193252479168933,0.001110882229224952
2016-07-07,0.0008715406266519565,0.005184412245444303,-0.004417465795713005
2016-07-08,0.0026524513354666546,-0.007540194532064337,0.02424532213113051
2016-07-11,0.002136322345495989,-0.0003055904598323611,0.036050651232757636
2016-07-12,0.00478001149328855,-0.002472284122578383,0.003184019552449735
2016-07-13,0.005503288364714587,-0.005759877908482869,0.003692668634354357
2016-07-14,-0.0009609101843286449,0.01456079642695296,-0.013231442555381667
2016-07-15,0.00018461828213267584,0.000807475482336284,-0.02108363580872652
2016-07-18,0.002459373069686688,0.008267588983537744,0.07621715966945009
2016-07-19,-0.014687817438554518,0.0018359098064639756,0.001435236675604079
2016-07-20,0.04884704315531785,-0.003389176900834956,0.026534597541050253
2016-07-21,0.0016450363246531818,-0.0016696288367074041,7.777963825073009e-05
2016-07-22,0.009245368219035877,-0.012318015023588647,-0.011003447343986394
2016-07-25,0.005839806966964622,-0.010367829668350037,0.005283442329356514
2016-07-26,0.00020601397112152142,-0.007226443495860879,0.011659058526322985
2016-07-27,-0.008843673685248299,0.06616323079048769,0.0034386096128490307
2016-07-28,-0.0012502828750875494,0.01191517134445097,-0.00639549012552898
2016-07-29,0.0067302102114852325,-0.002896386182817512,-0.008689359956460141
2016-08-01,-0.0004945079063862767,0.01896516132255177,-0.01811632377485617
2016-08-02,0.006361592747507805,-0.008461324312047935,-0.030211718619872818
2016-08-03,0.0037589562204334293,0.009423488463332408,0.010545951765402295
2016-08-04,0.007159711264819624,0.0005436109006007328,0.0004621738863144209
2016-08-05,0.0013286016090610087,0.006584709429363622,0.004208425534440563
2016-08-08,0.002632390532464779,0.009206281179428677,-0.007415174297129901
2016-08-09,0.0020215495174491505,0.0036334302799252427,-0.005760678981341916
2016-08-10,-0.0002280975205735114,-0.004561238579789184,0.020414466612323157
2016-08-11,9.135654967606932e-05,-0.00536419517578246,0.027106230473747717
2016-08-12,-0.005378906262598848,0.0030937938791395503,0.008510612090084413
2016-08-15,0.0003136857129304449,0.009224032337947774,0.009328235769938242
2016-08-16,-0.006220854401312037,0.004565667933765671,-0.012169835925350592
2016-08-17,0.00022057831014388185,-0.0033313484525514525,-0.013097303768813906
2016-08-18,-0.0015046678752763665,-0.003481411425059311,0.009156667259485829
2016-08-19,0.0017875382687145835,0.004007239405495189,0.019085487685889357
2016-08-22,0.0014309745902029158,-0.007190985952941542,-0.0076335009732683146
2016-08-23,0.0018630435573330217,0.001144666895807278,0.018073664281092805
2016-08-24,0.006276742917462164,-0.0022931466481417306,-0.006601400751387709
2016-08-25,0.005161617241050798,-0.0028929142383889994,0.015556347961021788
2016-08-26,-0.0008278908295042964,-0.004259319445425458,-0.10476443554276116
2016-08-29,-0.004021846734728607,-0.0063502439081659645,0.002774664224556078
2016-08-30,-0.0016606699594863272,-0.005722677209606397,-0.014615076470584243
2016-08-31,-0.005052092363025951,0.0033191843263361553,-0.0011342154100824064
2016-09-01,0.002303899944130494,0.005998101180051618,-0.012639064805104017
2016-09-02,-0.002811969967573269,0.005168161302562035,0.008642282065742135
2016-09-06,-0.004022081019882551,-0.0032787121101234273,-0.0036861521371264194
2016-09-07,0.001014258834670656,0.0062744876617806256,-0.00831328650823504
2016-09-08,-0.0017658243723157607,-0.023985857107074016,-0.01021915641339799
2016-09-09,0.0032788213371667263,0.001853385592270107,0.0029238018543443767
2016-09-12,0.00026689781774624777,0.00774167942612225,-0.019827908542142114
2016-09-13,0.005715853912155233,0.038616704934672175,0.012981553054918882
2016-09-14,-0.00418854835766469,0.0359750854079649,0.002069707037225643
2016-09-15,0.0064211165466798725,0.023889719874435444,-0.0019701733513530773
2016-09-16,0.004821383749202934,-0.0018348391822601284,-0.002099310347891903
2016-09-19,-0.0055708207221036865,-0.01164158648739022,0.029919031154464815
2016-09-20,-0.00240704019908633,-0.0004048408549180982,-0.00675080135455175
2016-09-21,0.005805295827256973,-0.011057996955768146,0.0038736525912659303
2016-09-22,-0.005461089393908214,0.00290551199866651,-0.0015229775605425377
2016-09-23,-0.0010082921408538503,-0.010944428699289688,0.002906923798933314
2016-09-26,-0.0006407914058776942,0.01011390210760399,-0.010922629956095053
2016-09-27,0.012009179359886879,-0.004601582928385639,-0.014041932220335007
2016-09-28,-0.0039159675096844815,0.0023082292858476183,-0.0031090818674488485
2016-09-29,-0.0015351494970132773,-0.006194545273293106,-0.0034105984485125473
2016-09-30,-0.004483584683010244,-0.00019468363237162833,0.008612787463993632
2016-10-03,0.00013566403169351648,-0.0014451350696050858,0.010147217130642594
2016-10-04,0.0018207839949592186,0.009221488516175658,-0.018442547916544316
2016-10-05,0.0026914250238692095,-0.0038365181806476745,-0.001716525617798892
2016-10-06,0.0012533646408681154,0.006913285484992482,-0.01959918873301425
2016-10-07,0.004292610804678021,0.004763725517686113,0.0032534698278855467
2016-10-10,-0.00045369215787283146,0.012858551079614644,0.0010162476127262288
2016-10-11,-0.0021985696786223086,0.01458347576629726,-0.016625431716524197
2016-10-12,-0.0025454578309884734,0.00779577849083446,0.0015405282362641604
2016-10-13,-0.00022759454453413763,3.13109308525128e-05,-0.021785827051962636
2016-10-14,0.008582622070157031,0.005337771907471867,-0.0037352054430099813
2016-10-17,-0.00044510376210793456,0.0023918985003186233,-0.023754747027730616
2016-10-18,0.0015292616195503594,-0.006840907279086816,-0.0013020577996383231
2016-10-19,-0.00444659441143469,-0.0051884572349845115,0.0050602174504816855
2016-10-20,-0.003491279148858051,0.0008634516687053839,0.005775746750672606
2016-10-21,0.04218012938313176,-0.0038455492335146557,-0.003898417586620462
2016-10-24,0.01771084831268177,0.004272536644906122,0.0004481590203126995
2016-10-25,0.003633716329349612,0.0088974365645752,-0.011715475736067682
2016-10-26,-0.004162186297541948,-0.020787739513040693,0.0025485014952904006
2016-10-27,-0.005754770237121676,-0.006598993297372124,-0.028502928436877517
2016-10-28,-0.0007187151918913726,-0.0035304743029000996,-0.0006433232683291656
2016-10-31,0.0009574146196544842,-0.0014605632231813326,0.0063984224378492716
2016-11-01,0.004784245089447858,-0.011286010524696133,-0.013587305057803256
2016-11-02,0.0003381953635156476,0.00742244385350721,-0.1051043948210838
2016-11-03,0.0007215526602861733,-0.01131307236665502,
2016-11-04,-0.006778379493625919,-0.007365836095752143,-0.007889521716360592
2016-11-07,0.006902712503597863,-0.007780281684004464,0.002378524960568784
2016-11-08,-0.0029444156132514276,0.002096971127773628,-0.01930867932657998
2016-11-09,-0.016038181632438864,-0.012697789421130423,0.018573840865961033
2016-11-10,-0.026381538960064566,-0.029800687351790645,0.01384115875173686
2016-11-11,0.0068493848153889925,0.007335297617608427,0.021974068461745988
2016-11-14,-0.015133565328887322,-0.025006232497480796,0.03013342393057039
2016-11-15,0.005423511533772407,0.005801046490864659,-0.022269863035559223
2016-11-16,0.014831818606905856,0.028432685319618622,0.01968383099173554
2016-11-17,0.01192052601715976,-0.005039964772950434,0.012669765037202296
2016-11-18,-0.0023956215815095216,0.003405363686364349,
2016-11-21,0.000989317360692965,0.007730326746098637,-0.007461386864659136
2016-11-22,0.002106672138445287,-0.0015568286150065003,0.02554130710489244
2016-11-23,-0.012588115824464285,-0.005888512006876789,0.08007129208127317
2016-11-25,-0.0017620113764351686,0.0011201931823558997,-0.013123845757613606
2016-11-28,0.00657613718707839,0.0032507573089252118,-0.02069439833422626
2016-11-29,0.0065841655742842065,-0.0023033391629760924,-0.027577864390786022
2016-11-30,-0.010933041327658821,-0.00578004837473689,0.01082006898806287
2016-12-01,-0.01407490347043805,-0.005822138488580597,0.0014904265689469343
2016-12-02,0.000447530133232954,0.003365904996478708,-0.015413298227595407
2016-12-05,0.01055000734852296,-0.012991455354433135,0.004479482191142692
2016-12-06,-0.007894439714367651,0.0042509726065478315,0.011678843239976366
2016-12-07,0.01052321706169801,-0.003340362940470021,0.029022428437456282
2016-12-08,-0.00802547118855168,0.00767594399306093,-0.0010028978191651827
2016-12-09,0.009796179886006007,0.010365014539536643,-0.004013647082019345
2016-12-12,0.0043647727628343125,-0.004549399825814482,0.016510194842919046
2016-12-13,0.006489021711369336,0.01015925881570734,-0.007675273717016373
2016-12-14,0.003353780584186117,0.008117197541950394,-0.0339441893470227
2016-12-15,-0.00547863323832587,0.0015685394784563655,-0.001509810283877755
2016-12-16,-0.002723633018711369,0.003063021193235982,0.004907703842482181
2016-12-19,0.01921266290270296,0.0037848729767679945,0.016907631412476976
2016-12-20,-0.004894987034048892,-0.0009969172619237465,0.0048566876657554214
2016-12-21,0.002457327062305281,0.003415017659835873,0.012794233647297593
2016-12-22,0.002020367783131971,-0.004697751477113488,-0.048534891378164025
2016-12-23,-0.006129729482490354,0.0007089012812806494,0.012714799744924843
2016-12-27,-0.0016159307034822046,0.004102399284903191,0.019003034024504206
2016-12-28,0.003773739387045727,0.0040925173067302145,-0.017847692959999106
2016-12-29,-0.0011354544586062998,5.3535609856547595e-05,0.003063426865826835
2016-12-30,-0.007445590266345281,-0.003175687067371813,0.0014800167093105276
2017-01-03,-0.0014057902539590383,-0.00562005856826997,-0.004131864571879751
2017-01-04,-0.010196581518983727,-0.006858750492047316,0.01595684001237463
2017-01-05,0.0007706704833204681,0.005873239005988906,-0.034723156677173406
2017-01-06,0.005150768930387795,0.007631112987773969,-0.022716967827236645
2017-01-09,0.000365873747508183,0.01267400942240371,0.002325068906917638
2017-01-10,-0.00031928480204346243,0.0010421218946448096,0.0061249489587587025
2017-01-11,0.0062729581681024715,0.0025435292432012258,-0.004047097454971338
2017-01-12,-0.007033914245207273,-0.0020305423454544114,0.00661448101842077
2017-01-13,-0.0004123916481082457,-0.0036276096631138177,-0.08235147982379287
2017-01-17,0.00025617878589867527,0.011032018678886257,0.029804282136303706
2017-01-18,-0.002243523684497095,-0.0018637539739581044,0.00466298124455089
2017-01-19,0.00040932967705287204,0.0018758229930512238,-0.0040535055719891355
2017-01-20,0.003696415021803734,-0.0015294846814244423,0.008216826283787837
2017-01-23,0.006196612438310267,0.003356744199015771,0.017533164894520614
2017-01-24,0.0023299944511518955,-0.007463942162050596,-0.009071854758555986
2017-01-25,-0.005507177687405607,0.00787764149080572,0.004542007709143148
2017-01-26,0.010000379092126033,0.001227591211139356,0.0028039838972854225
2017-01-27,0.02436110014035897,0.0009320741549534439,0.004582405361146957
2017-01-30,-0.003871896583652501,0.003385457065819941,0.0006619327583611279
2017-01-31,-0.006479876071771917,-0.0014121019282119507,0.013710512382089424
2017-02-01,-0.016849050887967176,0.06071620912840858,-0.008056662183137053
2017-02-02,-0.007018856727743383,-0.002310066794990462,0.0027218930745211978
2017-02-03,0.0008086171102523743,-0.0029700514620671914,0.0075013663267564645
2017-02-06,0.0014872757201228604,0.011473953764824185,-0.0003098058884047905
2017-02-07,-0.0035266321114333365,0.009290556216037693,-0.002252752600774288
2017-02-08,-0.0021122775109614356,0.0031993167072934536,0.005802752366188102
2017-02-09,0.00561476336448119,-0.0028745453551066724,0.018450846647194652
2017-02-10,-0.004502680663762693,-0.005831577550615807,0.007068049169692614
2017-02-13,0.00600411251673072,0.003594560594236018,-0.016547524272045533
2017-02-14,-0.006324977764776474,0.008987116480765112,0.01057685289181487
2017-02-15,-0.005611825239982715,-0.0013780631420441392,-0.003438340954062369
2017-02-16,0.0007091388834427059,-0.0002871179783913158,-0.013100207855650692
2017-02-17,-0.00012867446526665383,0.0010402553398396464,0.0042222839894210384
2017-02-21,-0.008059839460031415,0.0011726702047134552,0.019372336152953418
2017-02-22,-0.0009335378711169406,0.004096177583539751,0.0026078315474944436
2017-02-23,0.0036207853917002986,-0.0046782825408054896,-0.02707550267187231
2017-02-24,-0.001493351834538359,-0.0005265171925601386,0.026675662249968868
2017-02-27,-0.007053303419289225,0.0009430510465375797,0.008114399866092414
2017-02-28,-0.0013139311352018401,0.0030457299725612508,-0.07585304150144068
2017-03-01,0.0013308638481095425,0.006736125828848527,-0.01203716390606302
2017-03-02,-0.008461047506141406,-6.33911104638285e-05,0.02628470070588318
2017-03-03,0.003245618896431157,0.005397183441298914,0.01150581242854165
2017-03-06,0.0035885004688618327,0.0001294127306540327,-0.01135885952719784
2017-03-07,0.004936020611768899,0.004205108167589233,-0.006721380917820485
2017-03-08,0.011445742854535812,-0.0014428120488773066,0.015660822904990823
2017-03-09,-0.004800452972639091,-0.0031019957667158815,-0.0007998374933346764
2017-03-10,-0.0001789211625438103,4.831013449790866e-05,0.003931321383416453
2017-03-13,-0.003754950620279862,6.453401793526936e-05,-0.03968360452470432
2017-03-14,-0.001257049709005198,0.0018847660312470982,0.018674595589390663
2017-03-15,-0.0030960444188021796,0.002187031097103942,-0.0038959004914878026
2017-03-16,-7.218464678027114e-05,0.0032783728430340053,-0.014992718707971031
2017-03-17,0.004872532257068185,-0.0036610433323875924,0.016978007798439165
2017-03-20,0.0029348079918095626,0.01249619471880814,-0.028834274628976586
2017-03-21,0.0013191284284679305,0.0009559927944018387,0.01785187945708544
2017-03-22,0.01088068086524463,0.009408711387233648,0.0014420294078525409
2017-03-23,-0.00140012909336229,-0.0024752940145795765,-0.004336156256353196
2017-03-24,0.0025397032508324147,-0.0011429387860087958,-0.13521609600660112
2017-03-27,0.0028663553416499177,0.0027261179149598025,0.008266010084915676
2017-03-28,-0.004332896177147383,0.01347537677208277,0.03447513573833372
2017-03-29,0.0016715271736338355,0.0011399094910193863,0.009503915156756193
2017-03-30,0.0007307657870418982,-0.004267258490623926,0.020299588802539237
2017-03-31,0.0045377680016249755,0.00039296829830182123,0.006262134206080017
2017-04-03,-0.0030647790249561657,0.0019206103144087106,-0.022748068782238784
2017-04-04,0.0021863983332461867,0.006900388992020723,-0.0014686879991857582
2017-04-05,0.0004685395858177177,-0.0021394969674090047,-0.006954221545659056
2017-04-06,0.0006635517749513653,-0.004429145590398531,0.0017469778238332623
2017-04-07,6.64632488561745e-05,-0.0014003306431661366,-0.007414607331255985
2017-04-10,-0.0029715406343437945,-0.0018876845793807107,0.009469230985069466
2017-04-11,0.0006709196566514475,-0.009294725482556387,0.011945811963536834
2017-04-12,-5.8050090115280284e-05,0.004946082208588498,0.0019507734547361544
2017-04-13,0.0025221989085196794,0.0015396670969218818,0.020860918941450368
2017-04-17,-0.000453200429093803,-0.003083448093859076,0.014174880152586944
2017-04-18,0.0015288852876600423,-0.0015526253110769161,0.0007189907907794169
2017-04-19,-0.003636157984821642,-0.0019663771492423043,-0.0009106278301709292
2017-04-20,-0.00048462143739480545,0.004953470333343812,0.010441051910647037
2017-04-21,0.01677546888187975,0.0018555668902012767,0.0030350108666123976
2017-04-24,0.006177986964997162,-0.0012247007087748951,-0.009546424263357611
2017-04-25,-0.0003153898292931334,9.152112497678999e-05,0.0016613371378773056
2017-04-26,-0.0008394502484500022,-0.005381737089123262,0.011169398774533268
2017-04-27,0.005933914088390724,0.00019877921859490222,-0.02380870511351263
2017-04-28,0.0046961856998714024,0.0009394628071046629,-0.015835799282091667
2017-05-01,0.012144479102283556,0.018678767449681555,0.002234267839891446
2017-05-02,-0.002773901460882522,0.00514189837387069,0.027783667736108075
2017-05-03,-0.0019032590209043798,-0.0017657792565569652,0.023882265655405077
2017-05-04,-0.004490557236334736,-0.004199616425471064,-0.017269571440298837
2017-05-05,-0.0013274607018296525,0.012508823105708444,0.014154842643167909
2017-05-08,-0.0009070763144243266,0.02713756946150614,0.015795822236300383
2017-05-09,0.0024758015586675564,0.007456301145773225,0.005537159855987128
2017-05-10,0.0027801587355762436,-0.005884111313937179,0.01765255918090669
2017-05-11,-0.010100909168863192,0.006651936921096668,-0.02188526275556313
2017-05-12,0.0003098594322147319,0.015457171088059773,-0.011663258760275852
2017-05-15,-0.00404523606135454,-0.007338903978460487,0.008956389940655729
2017-05-16,0.015008040208703166,-0.0007775184694613912,0.005202435401662431
2017-05-17,-0.00962753310318687,-0.015396918954444505,-0.0075675526279018746
2017-05-18,-0.00027842587941750985,0.011540907523887256,-0.006203621711739382
2017-05-19,-0.007062873075244336,-0.003358553813812337,0.011735447919439368
2017-05-22,0.006067540781718561,0.0009290006730529043,-0.012179107274662204
2017-05-23,0.0015222040742384202,-0.0030847308159120956,-0.059634170595649794
2017-05-24,-0.0011787135228031875,-0.005480035952146967,-0.00028260735022112016
2017-05-25,0.007918165645244057,-0.0009985465192516862,0.03562857847450984
2017-05-26,0.004573104117616689,-0.001974313750309875,-0.05958235356107011
2017-05-30,0.007636806940664598,0.0015691147948654338,0.016956135099895797
2017-05-31,-0.007635415542043389,-0.005448816993092631,-0.018591813277517355
2017-06-01,-0.00384831375557404,-0.0048216978749477946,0.02133584702074187
2017-06-02,0.019972729109510645,0.011098383077067453,-0.008536524571734927
2017-06-05,0.008464054041030122,-0.00856051226158372,-0.007163443194031283
2017-06-06,0.006099452646046832,0.006157234855551752,-0.023021679684332996
2017-06-07,-0.003360942591247751,0.00438836374399032,0.004824360408145267
2017-06-08,-0.006345332107823398,-0.002687205271823978,-0.0306664185600386
2017-06-09,-0.021824640042065302,-0.03795911756949366,0.030778507193689353
2017-06-12,-0.006700469907303774,-0.022917113962877322,-0.01265145712533855
2017-06-13,0.007956335241592116,0.003520487015686413,0.007925244568912637
2017-06-14,-0.004382868229588777,-0.008745829865197341,-0.014927808073891602
2017-06-15,-0.0030257907696784603,-0.0037675504108656277,-0.01671554078022175
2017-06-16,0.001146951712706512,-0.014255719340037887,-0.029972636119109164
2017-06-19,0.004081367187156015,0.02024591316749147,0.0018519215478025597
2017-06-20,-0.006849264048245374,-0.0024054259030766856,-0.0009956425744741537
2017-06-21,0.005732154354694208,0.006513383725859745,-0.008138253778021243
2017-06-22,0.00031342974796200185,-0.0011621631284686185,0.00436580641380635
2017-06-23,0.011960311484549901,0.0028886760616617657,0.0037945086285009477
2017-06-26,-0.009865014405837869,-0.003460447878806172,0.02292875826735563
2017-06-27,-0.010642691198603615,-0.006273705493392789,0.01990426820665403
2017-06-28,-0.00028326207358020383,0.0058307203765011195,-0.002727592711925686
2017-06-29,-0.01016788126792223,-0.006156679305496016,0.01324902750643342
2017-06-30,0.004891047594297593,0.0008331217871713203,-0.0015332479232963436
2017-07-03,-0.013336471692993013,-0.005921403106257883,-0.0027735421961483375
2017-07-05,0.011895713521104412,0.002644294006762582,-0.00561993363551383
2017-07-06,0.0019860632688255553,-6.986845172707312e-05,-0.008762293900393403
2017-07-07,0.00657628321747139,0.003770042715564692,-0.016346335672316137
2017-07-10,0.006558556877206634,0.0051757155724851955,-0.0018842463394641573
2017-07-11,0.0009256187908103231,0.004008972026358859,0.0041336064111535675
2017-07-12,0.00926817645392597,-0.005848855468670644,-0.0058743220927586215
2017-07-13,0.006839432201630302,0.012068085235687143,0.006224542468976635
2017-07-14,0.00939920517454107,0.0039072594523446025,-0.011289784253723512
2017-07-17,0.007884683144014804,0.003541857457532882,0.012422033431849777
2017-07-18,-0.0012794332104474337,0.0028790955199542445,-0.009526341380668657
2017-07-19,0.0022671847922359767,0.000890674729026264,0.006955466094288987
2017-07-20,0.005027694077065825,-0.004349106903991151,-0.011555993905325024
2017-07-21,-0.005425679460140387,-8.440092744643746e-05,-0.014797969603061345
2017-07-24,-0.0015111911447016624,0.01314843648081987,0.0020261474071625596
2017-07-25,0.0050931209119922105,0.0013638083057894157,0.019192201179550894
2017-07-26,-0.0021696318601907016,0.004431307801489703,-0.010630656584155296
2017-07-27,-0.01104628090386306,-0.01792480731508095,0.032341446533409535
2017-07-28,-0.00029905402249497115,-0.005699196025610642,-0.007875403315629526
2017-07-31,-0.003926857685771168,-0.004435753713787016,0.009565335187200819
2017-08-01,-0.004099714233707141,0.006453061706078733,-0.017663479760579137
2017-08-02,-0.004901588648343447,0.04674429728562757,0.0004436690190321446
2017-08-03,0.0006613105268709063,-0.007794772062900246,0.01527994291065704
2017-08-04,0.00545677103747777,0.003356123489063334,0.010576337652889345
2017-08-07,-0.005499770997028031,0.013827066199688431,0.0092966455793555
2017-08-08,0.007801176969660761,0.01042410869499244,-0.007959943154343452
2017-08-09,-0.004032560152447906,0.006485587148403749,0.006744687315731079
2017-08-10,-0.00015232394672881622,-0.02116447418480849,-0.013152393440752252
2017-08-11,0.013988442733746886,0.012631247215474595,0.012231693477775973
2017-08-14,0.004990735933132706,0.005018483298972365,-0.005907717413723201
2017-08-15,-0.0045290412264386015,0.011433930800713421,-0.04160644733853902
2017-08-16,0.00445260939591563,-0.005454756443099451,0.020557919000269154
2017-08-17,-0.0015352523827205644,-0.0037494077821756955,0.0018791760052141449
2017-08-18,0.0030784773161357526,-0.0004451183168924233,0.007522587184953022
2017-08-21,-0.00585292502090351,-0.0029911943388392093,-0.01247270773590381
2017-08-22,0.004057789494934294,0.00639380644052312,0.021517707431496724
2017-08-23,-0.002560610743866376,0.004705325790930193,-0.003940110667564389
2017-08-24,0.001661892879522231,-0.002351119060501672,0.016040914580575105
2017-08-25,0.00011557925921668044,0.002018960375169465,-0.11094740112429047
2017-08-28,-0.0003497711372337786,0.009596727297454644,-0.013373693986116875
2017-08-29,0.0021779354530673256,0.008075157054428184,-0.021730526220797408
2017-08-30,0.008526550720146409,-0.0019142884303131602,-0.0024817997247543744
2017-08-31,0.004547830658581331,-0.0017541583453439813,-0.02115479327663594
2017-09-01,-0.013083190178821313,-0.00166540816764571,0.007206707850812011
2017-09-05,0.0030877485834712726,-0.004469752085893508,0.022012530022235244
2017-09-06,-0.005981623988350004,-0.004165275910187338,0.01799057344419297
2017-09-07,0.012984999400676212,-0.003848418907220208,-0.025157631111962786
2017-09-08,-0.0033538315956122,-0.014807880356294878,0.017403902779889346
2017-09-11,-0.0002958374980324141,0.007240352809060768,-0.008228261546024962
2017-09-12,-0.004434090137831803,-0.007326847477313936,0.013823500819899692
2017-09-13,0.006339881024898686,-0.008291568000329264,0.0243325397859111
2017-09-14,-0.004749568198321619,-0.00746813380532152,0.004097720664922533
2017-09-15,0.005374911562189499,0.008261431824867493,0.008610930972577924
2017-09-18,-0.0034476334218945803,-0.009036551574457818,-0.007370109530011715
2017-09-19,0.002615104558962189,-0.0007321332017824478,-0.00011870964352045377
2017-09-20,-0.007262096397284035,-0.0173673402973179,-0.005091965031263301
2017-09-21,-0.006695165720175589,-0.014151230525887515,-0.007401800679884607
2017-09-22,0.0020472100575394947,-0.010426966743304678,0.005385337986455019
2017-09-25,-0.01323288513403098,-0.006573928073981383,0.023711282212479756
2017-09-26,-7.209632068461147e-05,0.017117977540838325,0.010201876282055045
2017-09-27,0.003968344406658275,0.003019446513788049,0.005600066377363655
2017-09-28,-0.0009337885962013015,-0.00735135160629985,-0.0040823056660933554
2017-09-29,0.004688032339050574,0.0017750762996506797,-0.009958096967969343
2017-10-02,-0.0022630452554315283,-0.00589839632006528,-0.01307051475080745
2017-10-03,-0.006849913852024048,0.002210229860292623,-0.014860368083757125
2017-10-04,0.004543711044103338,-0.007720084767301794,0.0007324633223964039
2017-10-05,0.011490745110658063,0.00678483061455637,0.007686576770407294
2017-10-06,0.001468530983084304,0.0005073139643869684,-0.023292833472619345
2017-10-09,0.005620185138427547,0.00528153668212894,0.00829790215824977
2017-10-10,-0.002322446782173193,-0.0019374365152327044,0.0016477765428888347
2017-10-11,-9.944481479218226e-05,0.0023786991231591337,-0.03343965281860617
2017-10-12,0.01084663579744538,-0.0018392549626188304,-0.002907450690821989
2017-10-13,0.003919606722065261,0.005480863238715994,0.009891119648972602
2017-10-16,0.0003140178169842578,0.01664507709073182,-0.016971464887810206
2017-10-17,-0.0014451929601514424,0.003030282126524231,0.01220746382784399
2017-10-18,-0.0004846079173488338,-0.005179284205492518,0.019094859867052172
2017-10-19,0.003537517671990731,-0.023988454316529406,-0.0003279635804251946
2017-10-20,0.006434894231524435,-0.0033730829866085443,-0.0011268713583514334
2017-10-23,0.004226266465456985,0.003434898444986678,0.011424056392408954
2017-10-24,-0.001237380564311552,0.004349985631935338,-0.017397039040932483
2017-10-25,0.0017464961496911346,0.0002836809503508064,-0.0128720129964226
2017-10-26,0.0003823668143245751,0.005122425182040313,-0.006370385232244424
2017-10-27,0.056045884701388715,0.0277565855052766,-0.016786437616944205
2017-10-30,0.004147014469918053,0.02568836532033214,-0.026280121217774566
2017-10-31,-0.009407949315614395,0.012971061769416092,-0.00520660566043718
2017-11-01,-0.001592072256781707,-0.01432278688053934,
2017-11-02,0.01026927540595679,0.0071442904977205846,-0.009820788224445764
2017-11-03,-0.0020262880918386905,0.02300456723381128,-0.025247268374535503
2017-11-06,0.0026507041735837067,0.00888519120864939,-0.016188457602304362
2017-11-07,-0.002178597827292461,0.0033798878506891006,-0.040192273013955004
2017-11-08,0.0019976608582381594,0.006748186057012884,0.0038164231136781357
2017-11-09,-0.0017962057247341567,0.0017193087259739226,0.024692210371721313
2017-11-10,-0.0017186270552099758,-0.005993444643056511,-0.06345317982178411
2017-11-13,-0.0002682263842355148,-0.004968321661005137,-0.014982401968699821
2017-11-14,0.003739383609186242,-0.01281925060109157,0.001692336760916402
2017-11-15,-0.007204841574717014,-0.007664472268898104,-0.0062099633091475814
2017-11-16,-0.005544904754778646,0.003750861316072829,0.00305385398226643
2017-11-17,-0.0069893423202468385,-0.0029379553670481062,0.010660652925545633
2017-11-20,0.0003019074506567243,-0.002263138148708488,0.006694807750074139
2017-11-21,0.007877913075932774,0.012049336326744875,0.011098816600508155
2017-11-22,-0.006535912156679591,0.011262004528039049,0.03900491230901293
2017-11-24,-0.00025131841143655187,-0.001987568268873474,0.0008223708200909563
2017-11-27,0.0077107050029450175,-0.004667979199993066,0.04343821869375297
2017-11-28,0.0021939792681049397,-0.015684596229882608,0.03693193988921184
2017-11-29,-0.017774024214722406,-0.020385131264513356,0.026657354630503227
2017-11-30,0.001768256335439089,0.005804804782816753,-0.04763766823977511
2017-12-01,0.003093754872826149,-0.0026306781114716626,0.003091156955911889
2017-12-04,-0.036688182013282944,-0.006267266096627422,0.03461634373287581
2017-12-05,0.010029513443755689,0.002797144534745555,-0.002961601351864407
2017-12-06,0.014699207819666826,-0.0036114493359994393,-0.013378388256197637
2017-12-07,-0.006435634521355982,-0.0010863064055584015,-0.022921852085413308
2017-12-08,0.01473857929485578,-0.005222811983463416,0.02508951433231399
2017-12-11,0.009511917172932538,0.01628223893095826,-0.009972794487396963
2017-12-12,0.002557657254237622,-0.007155012318866061,0.0005486573926090088
2017-12-13,-0.002214590374534642,0.0038043454068403815,-0.02255164100905116
2017-12-14,-0.0036620383046258587,0.0037689781302496783,-0.011462114176088889
2017-12-15,0.01653045701213207,0.0011987093562473294,-0.011150603698176553
2017-12-18,-0.010774491332446567,0.008708367766459224,0.01208533856768712
2017-12-19,-0.0031369234979170546,-0.007426097029507361,-0.011239162241105993
2017-12-20,-0.0027838866517759797,-0.00024921289585999595,-0.006784928964067127
2017-12-21,-0.0022194937307494778,0.0017768731343252853,0.008973273802600046
2017-12-22,0.0005751329990730802,0.0004581739347455649,-0.008213912786121602
2017-12-26,-0.00022801678790340674,-0.02428903022605955,0.01308681330016892
2017-12-27,0.0028390793601282827,-0.0006267436667435344,-0.014837358592899141
2017-12-28,-0.0017173554276295189,0.0009795711342126534,-0.006217589571756776
2017-12-29,0.0030833186596359585,-0.0056421661989295435,-0.006924691446606679
2018-01-02,-0.0035103008129675484,0.009613276743888566,0.008966814911940624
2018-01-03,-0.0017449503796467258,-0.00658458461086775,-0.009684689663611135
2018-01-04,0.004772728329188292,0.0006163440939601639,0.0025647452294854656
2018-01-05,0.005364317639372507,0.00436319964603582,0.012616855338281496
2018-01-08,-0.0006417986435207634,-0.005365179655297259,0.027780932305547124
2018-01-09,-0.0019825587859424454,-0.0014176136155724661,0.015337762481824502
2018-01-10,-0.003421913700120238,0.0008598135595144774,0.007761821915502343
2018-01-11,-0.004073016771616311,-0.0013418893683374566,0.0071940242750183625
2018-01-12,0.010507411224390584,0.003565296860907896,-0.11697006871277704
2018-01-16,-0.010426429781456803,-0.0015351682940283329,-0.03025932070809778
2018-01-17,0.01084532618695122,0.00708972006831865,0.010398517760516368
2018-01-18,0.0011726251501493756,0.0025097349775697886,0.022187807881773214
2018-01-19,-0.005495106091826352,-0.008848019654465133,0.010732353008613194
2018-01-22,0.00982213444986102,-0.01624785944855378,-0.04005792928734542
2018-01-23,0.0009911967944120637,-0.001948407780866468,-0.01072140502843999
2018-01-24,-0.0003104807118283759,-0.015368572991743101,-0.0235779003208485
2018-01-25,0.004951710781990304,-0.018442147935613273,-0.008847628787234108
2018-01-26,0.006895983290199581,-0.009526881542572196,0.0012229777819701138
2018-01-29,0.005243532362036896,-0.013955137637993942,0.012007442255674516
2018-01-30,-0.00166510264751063,0.005016428568042075,0.006234058477148641
2018-01-31,0.023988092182996912,0.002242056432675943,-0.015720340498325713
2018-02-01,-0.007245845305663634,0.002750456852890104,-0.008275199365328945
2018-02-02,-0.005101692642103917,-0.022181640601194874,-0.004601810958049013
2018-02-05,-0.0002061991728605772,0.016007281662049344,0.0052429534594016225
2018-02-06,0.020399970451302485,0.024324774623691203,0.013868965513748055
2018-02-07,-0.013831208652509974,-0.01639350231018688,0.02544769211870357
2018-02-08,-0.01379710522015809,0.010007305006951572,-0.0013220793592579883
2018-02-09,0.022353659329729547,-0.006789011708378867,0.00654213464789466
2018-02-12,-0.0031411856446805775,0.026363635867965085,-0.03679648367803634
2018-02-13,0.0052407450400728806,0.007392456521597701,-0.016537002440140336
2018-02-14,-0.002492984251625474,0.005022736049825172,0.02767582555414516
2018-02-15,0.008303118797157394,0.02153351335105369,-0.00035515349152359654
2018-02-16,-0.007496276805388891,-0.003633728585110352,-0.0009828467360444293
2018-02-20,0.013667490650221104,0.002500878952938157,-0.027085425574593147
2018-02-21,-0.00776921801837771,0.0009577391239691257,-0.005222261092645897
2018-02-22,0.001649643023655667,0.00737376802538825,-0.0054350348965440665
2018-02-23,0.009372288675866924,0.0013629607332754645,0.006378826679943828
2018-02-26,0.002701858269692048,0.008026478003837711,-0.004869082939312763
2018-02-27,-7.87152460516305e-05,0.009443784038656644,-0.0190095536134266
2018-02-28,0.006531050711710895,0.009593463343409936,0.018802935644764318
2018-03-01,0.0035131020813675695,-0.00419193880865909,0.03117010398172282
2018-03-02,-0.0029175615731098503,0.0018541408655392555,-0.007576269725747986
2018-03-05,-0.004691371249344378,-0.007581659000897911,-0.0034990916191919297
2018-03-06,-0.006056136962015124,-0.003498425209641498,-0.0020157409867083143
2018-03-07,0.006270390618450694,-0.008799099123902199,-0.006988130390688352
2018-03-08,0.0016097675553912172,0.006460859512546158,-0.02328368410290227
2018-03-09,0.00496579820039611,-0.00019783037969633988,-0.003951685704243202
2018-03-12,0.0036563997901088996,0.010941708497729019,-0.01765347715731913
2018-03-13,-0.018024132836257256,-0.003255603733197332,0.01022211153208119
2018-03-14,-0.00020708122696344589,-0.00278794144965544,
2018-03-15,0.004298215378532366,0.0019476239687207242,-0.018436483667234715
2018-03-16,0.0027560734527076747,-0.005218764740879456,0.005481374407187323
2018-03-19,-0.0038719464342620302,-0.0010750186120562777,-0.02535485076487254
2018-03-20,0.0011019029418533055,-0.0018240686036578024,-0.024439259384928635
2018-03-21,-0.00513550478480207,-0.02079924588954485,-0.029254838906257907
2018-03-22,-0.003924478869649639,0.011033319697101418,0.011610822898955764
2018-03-23,-0.00810091882009989,-0.0022013122166455457,-0.002894265261869644
2018-03-26,0.04854819625504825,0.020326692779801814,0.012842759228207434
2018-03-27,-0.02868229172864789,-0.008375969927424287,0.005880323448170799
2018-03-28,0.0020224579774982265,-0.008132454920986798,0.02236906201040534
2018-03-29,0.007261761579174131,-0.0059609279091237255,-0.12189688218498007
2018-04-02,-0.007793046579727014,0.01578113124863456,0.03818519634104389
2018-04-03,0.0008284508524216694,-0.0023676585740524114,0.002205754024078521
2018-04-04,0.01763873055066001,0.007579771193964691,0.013798617507273292
2018-04-05,-0.00632127232188151,5.978470827905369e-05,0.009628946005540984
2018-04-06,-0.0013532303137312462,-0.0036584982088184725,0.01233318484591761
2018-04-09,0.002648134395798696,0.006593349061933429,0.00038643683444972154
2018-04-10,0.006518690973852825,0.002090898645272121,-0.0018900794894665118
2018-04-11,-0.005456613579097436,0.0008384839833782687,0.017221204998354
2018-04-12,0.010473414037865725,0.0016077701069254768,-0.02342414180546948
2018-04-13,-0.002456374540850348,0.006263241017823606,0.0014192960417325207
2018-04-16,0.003601332852284145,-0.0018593099891983655,0.006586053319015628
2018-04-17,0.009514698957719503,0.00310249890859704,-0.0012481094871432674
2018-04-18,0.003019992616828393,-0.0030755309382396456,-0.02091744898145631
2018-04-19,0.0023043041841203094,-0.022613960113960108,-0.004522781045667834
2018-04-20,-0.0030127309102249145,-0.03243568666693897,-0.03880074255122545
2018-04-23,0.0036280336966363347,-0.0029526286761674125,0.024788543667214835
2018-04-24,-0.01000695051272904,-0.0005385787544108789,0.029289660060756062
2018-04-25,-0.010535572519944192,0.0025080388150737765,0.0018914418638438235
2018-04-26,0.010690282299659959,-0.006938882588151785,0.0051675934723782735
2018-04-27,0.015436332320812873,-0.012683481181761325,0.012785413160110837
2018-04-30,-0.015815797692912636,0.0262999125280855,-0.0069639732493537165
2018-05-01,0.013276446349331339,0.020687067267899373,0.012102969127949725
2018-05-02,-0.008478394645646703,0.051392687554235095,-0.021675050545323815
2018-05-03,0.008242360717548025,0.004043334624806438,-0.043842957871521926
2018-05-04,-0.0012240851724643065,0.026445277525844135,0.000438993705878854
2018-05-07,0.007681174023572934,0.0037660270522927863,-0.011919498527919292
2018-05-08,-0.003995412458017711,0.005083111100836923,-0.007492295973764884
2018-05-09,0.002111999860223257,-0.002651883506689101,0.0012638754897575932
2018-05-10,0.0006355563958988508,0.004933380663931786,-0.001636680950106273
2018-05-11,-0.003852458341910059,-0.009348128197608885,-0.026266342127769793
2018-05-14,0.0024941650272187754,-0.0032166500699428724,0.042389491606198426
2018-05-15,-0.0004005157868876008,-0.0022357948787966597,0.025695860349392308
2018-05-16,-0.005807372636161268,0.005272203206020842,-0.0010997882038719098
2018-05-17,-0.009128716346799237,-0.005457260862412161,0.00602189527254382
2018-05-18,0.004503718090663522,-0.0010256833626417494,-0.08253664217363521
2018-05-21,0.005481671609643746,-0.00028022672137173466,0.018295444466513322
2018-05-22,0.0021111466244417842,0.0006201744109565199,-0.005471461959667523
2018-05-23,0.008649061919664414,0.003163252438129316,0.0006979559354092224
2018-05-24,-0.0015243341888693251,0.0008976984535076227,0.0035955298508987266
2018-05-25,0.0028658407653620044,0.0046533103055209635,-0.00313725998903569
2018-05-29,0.008005841332574426,0.007958301686622926,0.041556305728461695
2018-05-30,-0.003104969959953463,-0.014824619946250728,0.015656662385795883
2018-05-31,0.005767891022668503,0.0035088969179016827,-0.009513879038382411
2018-06-01,0.008879660364403907,0.007195628733387416,0.028544745043652897
2018-06-04,0.004251426275301284,0.003888778159253148,0.03342127600760558
2018-06-05,0.004411968518278631,0.006991614564672233,0.02457828098768
2018-06-06,-0.0056316668595703945,-0.0050910572680396005,-0.020896141977769567
2018-06-07,-0.014994654105786265,-0.0019664931927154683,0.005568564470120219
2018-06-08,0.004308639486761745,-0.012223424099569224,-0.0003654117471281193
2018-06-11,-0.0067756945083551345,-0.0035308987121750457,-0.017586268118590986
2018-06-12,0.0008296335636137631,0.0037579363146542644,-0.018538311619382575
2018-06-13,-0.0005144682807970424,-0.004191132356688887,-0.04721950068372083
2018-06-14,0.0031804473817074186,-0.001947127123306247,-0.0384805132228464
2018-06-15,-0.011702310102148505,-0.009255462053041175,0.08739839759178847
2018-06-18,0.00941668163543119,0.0015966104900468903,0.09095137421416177
2018-06-19,0.004023433979269853,-0.012125765978343805,0.04020764450558578
2018-06-20,0.008301719212865377,0.0026391299719896733,-0.004251843953428369
2018-06-21,-0.0008205063782330546,0.0007690819921628567,-0.005112180774845876
2018-06-22,-0.009079698696583649,-0.004773659750213266,-0.002505895685170012
2018-06-25,-0.006392782433814803,-0.0011573754415485915,-0.012692790031530232
2018-06-26,0.0048083271462167065,0.010201549935098253,-0.011469967830438854
2018-06-27,-0.006938704798015061,0.007151149155732894,-0.01611180810326651
2018-06-28,0.004996278125890541,0.0010976570161835841,0.012999457713611662
2018-06-29,-0.0009611598346900285,-0.002850025980127846,-0.021591715108609466
2018-07-02,0.011129328044945375,0.008103599998547928,-0.03120802875054496
2018-07-03,-0.004651685958586671,-0.012469036502621988,-0.0028210074445170763
2018-07-05,-0.0014526562802466003,-0.000573776254495284,0.03266038558904172
2018-07-06,0.005552384631765994,0.005391411456879824,0.027062107762221066
2018-07-09,-0.0020021613663956384,0.0050513676428338705,0.012299073027506324
2018-07-10,-0.0008222501648720293,-0.00466955544534986,-0.04290436453322055
2018-07-11,0.005723242467993939,-0.00589228855506041,-0.003672981539968534
2018-07-12,0.012921880170366995,0.008006340076280205,0.01778157654940915
2018-07-13,0.010822103571087593,0.0005121592138381814,0.011511889416911059
2018-07-16,-0.003904092061631559,-0.001167046819222417,-0.0028986111415598703
2018-07-17,0.005939602326408,-0.00116608039197863,-0.046023590954460736
2018-07-18,-0.009994372241934113,-0.0076345596227177515,-0.0021604883344306103
2018-07-19,-0.0028963668723587244,0.011726057439831905,0.02727256410834289
2018-07-20,0.018860356440736914,-0.0013446208079743727,0.011672339635913409
2018-07-23,0.01415890440726586,-0.0009396305711897313,-0.014437553890863208
2018-07-24,-0.007652106862072405,0.002462866244595796,-0.012168447339954369
2018-07-25,0.020343001769992375,0.00032850593345457035,-0.027369475514658403
2018-07-26,-0.007885370091951893,-8.85779929739039e-05,0.023707647769080742
2018-07-27,-0.011135247157373018,-0.010079354840810684,0.007912692191388127
2018-07-30,-0.015698270881328247,0.00016197221920732918,-0.003011834007355829
2018-07-31,0.0018534108917056535,-0.002904885516886724,-0.024612641031578453
2018-08-01,0.0029257453459986538,0.05996158997315992,0.02324717664632525
2018-08-02,0.007211255753623913,0.02429435008471814,-0.012394246473006687
2018-08-03,-0.0002748901263005532,-0.0017317226818700515,0.011087736087126654
2018-08-06,-0.0027052715310917907,0.001654211067411815,-0.0028648956633186007
2018-08-07,0.004111930411203835,-0.012198925877406896,0.014672470232980128
2018-08-08,0.005864878124283046,0.0009383427252761534,0.008860263559051451
2018-08-09,0.0030857046169449065,0.009296890346881859,-0.0011812319548507588
2018-08-10,0.0010046341958203087,0.0006412551411394407,0.01434595515229431
2018-08-13,-0.0032417486628134595,0.010462917783876313,-0.0031741988987584735
2018-08-14,0.006086497372885358,-0.0021569061132140632,0.012677159441144337
2018-08-15,-0.009739875905774742,0.009928776826502839,0.0024409294269933657
2018-08-16,-0.008105241200417779,0.006730452712800705,-0.020889639795890425
2018-08-17,-0.003880549881161821,0.016646861844612948,0.0039041961770229783
2018-08-20,-0.009027699154986024,-0.012171502031430914,0.031492458055649264
2018-08-21,-0.01039644221673841,-0.004017884967226326,0.03830998166746413
2018-08-22,0.010588791286989863,0.0004539928580410413,0.03011316806162767
2018-08-23,0.006361509802699339,0.0037372482314471656,-0.011265187862733672
2018-08-24,0.0016107413102093293,-0.0030989702763362104,-0.018728686270200856
2018-08-27,0.003399718415330044,0.0005642487208850078,-0.1188486400199158
2018-08-28,0.005752629598367198,0.007806348930480711,-0.04649632463605324
2018-08-29,0.010260843568234757,0.009228021821382715,0.0007133979466049656
2018-08-30,0.0038053870810327295,0.013614955734196466,-0.03381335056850676
2018-08-31,0.003259942110588776,0.011437462898374662,-0.022962118153270317
2018-09-04,-0.0038651462861545305,0.004852449702995032,0.060433506535347736
2018-09-05,-0.026021464733708033,-0.0037303730452865613,0.1600985441479572
2018-09-06,0.005956648154587518,-0.012956488604167649,-0.003727785494984426
2018-09-07,-0.0026607072564422962,-0.005854826736106933,0.00159372546041181
2018-09-10,0.008914465627498203,-0.015309502153180388,-0.009957360199908005
2018-09-11,0.013265098953643362,0.021542759182105353,0.0062601620364739485
2018-09-12,0.003868437101083755,-0.01277558142754498,0.030583932275196624
2018-09-13,0.005459849274036088,0.018872775610203174,0.017526872842929864
2018-09-14,0.0037985762524235245,-0.01163528693695215,-0.014946826521733292
2018-09-17,-0.005279685319461103,-0.02105641579700146,-0.005150921316769863
2018-09-18,0.004172633018909355,-0.003716725692363365,-0.011991527910486854
2018-09-19,-0.014591354078592023,-0.0006667994722899806,0.00480729632438659
2018-09-20,0.00890069628681145,-0.00023872855111362057,-0.014467080999594706
2018-09-21,0.006444054475130745,-0.010393760265583363,0.0021877907698253374
2018-09-24,0.007104061703264053,0.017886791731882346,-0.05701693331722568
2018-09-25,-0.0006134727842080911,0.00766411734742678,0.033521570940545864
2018-09-26,-0.000817348732464307,-0.004685836576824309,-0.02355220015507986
2018-09-27,0.0010093147046681405,0.0177793235118906,-0.005329024251976677
2018-09-28,-0.0003427563704977432,0.003527677117148187,-0.01799956745018505
2018-10-01,0.007200935792327057,0.003092341888128125,-0.002986189382293336
2018-10-02,-0.003582257765760599,0.009285134549407825,-0.026435823939450764
2018-10-03,-0.0005378065106278473,0.01146575751687462,0.0026509817749362785
2018-10-04,-0.012495588017105264,-0.009411235058921164,0.0014671028739215997
2018-10-05,-0.0003236170783050829,-0.010718218567830395,-0.003918728148416317
2018-10-08,-0.011020252243414741,-0.0019055442385190746,0.020831036560865823
2018-10-09,0.014137849539689662,0.015253468939360304,-0.013268290537020722
2018-10-10,-0.02147396783819666,-0.013453506772018842,0.03760672318250313
2018-10-11,0.018218137774139387,0.011735950406884799,0.009109823551304519
2018-10-12,0.02035135894376383,0.021531983213772588,-0.004656488976739981
2018-10-15,-0.012074338735362677,-0.015489576546561468,0.011310440586260628
2018-10-16,0.010102869941343462,0.0005323289581629087,0.006058120371051023
2018-10-17,-0.002359936379837335,-0.004050761115298895,0.0022147429430435794
2018-10-18,-0.005570116557307436,-0.008990454319861452,-0.0025793328830737705
2018-10-19,0.001835824279425191,0.015581982789240723,-0.02155118069606443
2018-10-22,0.01322640270162423,0.010409602890726344,0.03077605308063469
2018-10-23,-0.008444182908325493,0.014938630328586222,0.015432485944627206
2018-10-24,-0.022604519846685434,-0.003437438480950683,0.017766913380813265
2018-10-25,0.0398190451831133,0.0032822605882436573,-0.06042996218567853
2018-10-26,0.004954179697093664,0.0014036506759151912,-0.03322679906560244
2018-10-29,-0.022516668734229417,-0.012210605069501557,0.06636997887107032
2018-10-30,-0.016822337179042246,-0.010672478396885898,-0.006031586980475678
2018-10-31,0.01884117938123353,0.015215281445497775,-0.015622934264970856
2018-11-01,-0.018890349970659304,0.004794483157414486,0.040812066174768624
2018-11-02,0.008582526295018988,-0.06001399803880425,0.023254776017014533
2018-11-05,0.007116336816900937,-0.03399823516170941,-0.04531844669433538
2018-11-06,-0.004306028468218592,0.004574643075623275,-0.008927780767785998
2018-11-07,0.018152430139514175,0.009099506927075174,-0.024553358558298766
2018-11-08,0.0006333123453494682,-0.004426068356503943,-0.00017558153093910622
2018-11-09,-0.010308840370135575,-0.010082325742736042,-0.005605855614579491
2018-11-12,-0.004940306146269724,-0.03069173250871493,-0.03221109294274338
2018-11-13,0.002136906752372436,-0.00850944235010187,0.001481905348797996
2018-11-14,-0.010854080479780537,-0.020669837226065968,-0.05871495643758817
2018-11-15,0.011412486845921332,0.014095706829850618,0.002523483285821193
2018-11-16,0.007191335612477978,0.008831407970539606,-0.028118177527788224
2018-11-19,-0.01724738483715993,-0.022979079104141653,0.035407754322010154
2018-11-20,-0.009663741303989504,-0.029626689305604748,-0.03940827009091752
2018-11-21,0.010721349077354114,-0.00417334703110217,0.11340623556403462
2018-11-23,0.006166954914354039,-0.018855224137146465,-0.008762396522905669
2018-11-26,0.017454880673400508,-0.0019969340348195974,0.06446759048226824
2018-11-27,0.003031149403813771,-0.005437856977141942,0.006340491744495358
2018-11-28,0.014173721987116528,0.015478773623510245,-0.0032728483272224107
2018-11-29,-0.0061862187722763196,-0.00548793949589832,-0.02313334401491496
2018-11-30,-0.001818130487142522,-0.01358426760235909,-0.07447291300192782
2018-12-03,-0.00011982020710332719,0.02400096770704363,0.004431997793587827
2018-12-04,0.0005154767833346341,-0.011613040956976795,0.005688603769625211
2018-12-06,0.007696165542883215,-0.009638475358063281,0.0059666328402580016
2018-12-07,-0.01670181460146658,-0.012325438962269342,0.03216972295545906
2018-12-10,0.02466405968751717,0.004813785024419426,-0.034656931686166126
2018-12-11,0.009650912481362961,-0.005351178791060063,-0.02080765278527008
2018-12-12,-0.0009071028828644412,-0.002644214952741031,0.016202132699527194
2018-12-13,0.0035919251451299594,0.011128363985150491,-0.03305782826558534
2018-12-14,-0.012160468137778602,-0.012899658348650478,0.016741094190888095
2018-12-17,-0.008840783702053878,0.01146721583771182,0.012152786757835488
2018-12-18,0.01041023481305281,0.012918345746825377,0.006237698580528583
2018-12-19,0.012702648638899583,-0.015819643280702733,
2018-12-20,-0.005252116270132445,-0.00943799353356567,-0.007794288133102345
2018-12-21,-0.011723780664660732,-0.01833232162876941,-0.017223438961942117
2018-12-24,-0.014626528656457194,0.0012643627529850265,0.002864756045986794
2018-12-26,0.018715977186707367,0.020799567587102885,0.012959748972722895
2018-12-27,-0.0023971558196174136,-0.015052499880456982,-0.026304564652732676
2018-12-28,-0.006566319934387166,0.0017538816849674843,0.009451727857010872
2018-12-31,0.003261717897959482,0.001185721802510642,0.019194855534142574
2019-01-02,-0.005698966303235964,-0.00012740594764304447,0.034389161968788606
2019-01-03,-0.012031298468518914,-0.07483805529459964,0.017105566804160866
2019-01-04,0.012173547057578782,0.008339000183513523,0.14068358206175025
2019-01-07,-0.005735049618261989,-0.009249744007908123,0.008737596809617054
2019-01-08,-0.002444659410655081,0.009395071996353366,0.011622533166442794
2019-01-09,0.010201584551041254,0.012856972594753824,0.006654661828142672
2019-01-10,-0.010944070938919914,-0.0013092192875920894,-0.005770009615262306
2019-01-11,-0.007575664755712919,-0.009684606318490663,-0.006745887610146384
2019-01-14,-0.0020381570424813367,-0.009766601938615116,-0.007991648554590225
2019-01-15,0.018283677758232475,0.009758288243288726,-0.017754959838552797
2019-01-16,0.0013015071311246462,0.009981440723038748,0.007436758224556916
2019-01-17,-0.0005692475740521896,-0.0016536705587433254,-0.0018516570077440342
2019-01-18,0.001799985216500044,-0.007023679056612053,-0.0030372063095380764
2019-01-22,-0.004689619704852155,-0.008288832548656755,-0.027273977752137246
2019-01-23,0.007543510092074657,0.0018414633218768461,0.01154956164853993
2019-01-24,-0.006154985822869774,-0.009301872843105241,0.019296157208413156
2019-01-25,0.0006449897986013919,0.024648149496543148,-0.002159606258515634
2019-01-28,-0.01165486572409391,-0.0014077033892617719,-0.01731037219914111
2019-01-29,-0.018909226164197657,-0.008908473607147638,-0.2708018548219332
2019-01-30,0.017868282347469178,0.052798313820908715,-0.022641441005802787
2019-01-31,-0.026927891147360494,-0.0014083574877903349,0.0039026221070104228
2019-02-01,-0.01669869286024983,-0.0004179817164782218,-0.009716977557170825
2019-02-04,0.02202317309355295,0.021640802748922328,0.004789632081724449
2019-02-05,0.009288113917195417,0.01238912903331535,0.032230832478629345
2019-02-06,-0.0088741806061573,0.002568966250714566,-0.021524444765411377
2019-02-07,0.002189336358643601,-0.00958227487774177,0.005881880138976392
2019-02-08,0.0031234905670971536,-0.003765065537759904,-0.011138337427160971
2019-02-11,-0.00468367978364248,-0.006483283010221608,-0.005114328103217658
2019-02-12,0.0026916975405011367,-0.004273020465261013,0.0092336436023428
2019-02-13,-0.003772409825940959,-0.007167041320742862,-0.009950383783875583
2019-02-14,0.0034942415796014314,0.006294825163432827,-0.009554130294058716
2019-02-15,0.0014692789232593206,-0.013103534207268397,-0.002052584520316758
2019-02-19,-0.0019607968470604087,0.0014820957501822107,-0.02162125972904505
2019-02-20,-0.011206733391830426,0.004658326365904575,-0.0017771318387196366
2019-02-21,0.02461833938569813,-0.0021005787741155135,-0.011652159247726113
2019-02-22,0.007847206441569998,0.004766276620317589,0.02441393461840713
2019-02-25,0.004355299516649813,0.0060294947499841545,0.014599338469867273
2019-02-26,0.007690643663102015,0.0013873027629122126,0.008582591575392207
2019-02-27,-0.0011469508579892151,0.0036186356827667687,
2019-02-28,0.0015774411122150278,-0.007010443909463815,0.007980185841542475
2019-03-01,-0.0024322478613185705,0.0036390024591386183,-0.002621833831498943
2019-03-04,0.00148124003838912,0.00890997633776236,-0.01143854872715988
2019-03-05,-0.003856942840279598,-0.0007109815313433021,0.0037243896048821945
2019-03-06,0.006971743502380168,0.0007814423949544791,0.003075840066452784
2019-03-07,-0.004044312003145922,-0.0034488942616232032,0.010720866077561175
2019-03-08,0.0032187935178568106,0.004520144328093445,-0.051362653186005414
2019-03-11,0.0063275258885979735,0.01996428283863616,0.011769684466045982
2019-03-12,0.0040483551669237006,0.008293177645791516,0.015696760027566148
2019-03-13,0.0007954964509557794,-0.00252757940105508,0.002640616551040198
2019-03-14,0.0016540694038105208,0.01196252237877582,-0.05353610187478319
2019-03-15,0.0065344269188418735,0.008034342976071862,0.005060759234849721
2019-03-18,0.010615495586904222,0.006502506939876973,-0.0028018015833921606
2019-03-19,0.0008110520584591052,-0.007804719662615089,-0.009806159667796077
2019-03-20,0.0018393502712341636,0.011693679311875926,-0.039026480272783215
2019-03-21,0.012122297244909985,0.025967212338244616,-0.006090610791007034
2019-03-22,-0.0073937969119420854,-0.0017135719033146701,0.009495854840256168
2019-03-25,0.006050521048462265,-0.01126234446579466,-0.028825998820975585
2019-03-26,-0.005058012208831286,-0.017525048273668742,0.013527280687056775
2019-03-27,-0.005024010881389485,0.01365994871633458,-0.001152721184875638
2019-03-28,-0.0022193293857093455,-0.0022736990136758006,-0.013307717321659251
2019-03-29,0.001903352703545691,-0.00022729926240794285,-0.00967835655827154
2019-04-01,-0.002411387368568274,-0.00476672438200354,0.00910070539446739
2019-04-02,0.0014108926959859325,0.014519269124822598,-0.026054082842755566
2019-04-03,0.004395765641093119,0.004716864093685436,-0.048683060993143346
2019-04-04,-0.007169242891916006,-0.0003441903956673542,0.03945222555930883
2019-04-05,-0.00019605015619594823,0.002047574091877058,-0.021585551224037935
2019-04-08,-0.0007138106534210209,0.014688590786477551,0.007066140441032154
2019-04-09,0.0006476425950030507,0.003068970078513922,-0.006004963779506767
2019-04-10,0.004151239869206291,0.002136166975704956,0.011797080971488683
2019-04-11,0.0011267364913323252,-0.008372249964574086,-0.021101275441963385
2019-04-12,-0.0014568811631259226,-0.007011493587780637,-0.05169134567533484
2019-04-15,0.0014562141192167033,0.002439672182637187,-0.04014310599852067
2019-04-16,-0.002822458502477865,-0.0003888997446896969,0.015150590517700735
2019-04-17,0.010553976916017227,0.021746603257221775,-0.01314472732355565
2019-04-18,0.011560460017196572,0.002004811176651522,-0.020594725272708003
2019-04-22,0.0021491845978698354,0.0022647208183612655,-0.014695048003692257
2019-04-23,0.004733441501237223,0.005592012503519372,0.018904445607637488
2019-04-24,-0.001236147248228625,0.0006494690934496505,0.015690099136151603
2019-04-25,0.033486297575825,-0.008706164061420552,-0.006290320516703307
2019-04-26,0.0010444662183963782,-0.009459272629257942,-0.011389215979558553
2019-04-29,-0.0019953309546184572,0.0004556936274602297,-0.01569464440847923
2019-04-30,0.005444530835553296,-0.020226907240345038,-0.013508478053021133
2019-05-01,-0.013324822397090541,0.05659814942526176,-0.008682840968557204
2019-05-02,-0.010935118784965558,-0.00439319637777813,0.03267629055994392
2019-05-03,0.011675360584075367,0.0028121905527371815,0.013166694144537416
2019-05-06,-0.0013474491375657927,-0.01098102344544738,-0.008906911633446923
2019-05-07,-0.004011146945843258,-0.01044534438750433,0.007472129846228248
2019-05-08,0.0015257127426933081,0.0018025616428095637,-0.0075166255200993515
2019-05-09,0.0029417668918432227,-0.007722767151791987,-0.016541273947103363
2019-05-10,0.009267726774320417,-0.02135682960359553,-0.008415156715195549
2019-05-13,-0.005602712877993854,-0.033988853791468654,-0.0018127652831236851
2019-05-14,0.003171659530688098,0.007814264334953025,0.024671633521507363
2019-05-15,0.004503381786544081,0.00614026421395697,0.012918369414216091
2019-05-16,0.014196323446700188,-0.013294997905322514,-0.011196745291909616
2019-05-17,-0.0008329662930427473,0.00015550172695411035,-0.0010830953161412582
2019-05-20,-0.007695864358471249,-0.024531062371462742,-0.057129849311712944
2019-05-21,-0.0031083720412565796,0.010686241849895861,0.00018907268973222813
2019-05-22,0.0088921355499193,-0.017647231346565984,-0.025465917250466874
2019-05-23,0.00024342621130701847,-0.005155561510527984,-0.013402315926502872
2019-05-24,-0.0008780236063707925,-0.005182990419311362,0.014230880803532298
2019-05-28,0.007741904790581788,0.004218543502354843,-0.0018545606760809186
2019-05-29,-0.0027583026937217925,0.002154006803212649,-0.015051866995809848
2019-05-30,0.004224595232463768,0.003088165204388371,0.0018645720646719433
2019-05-31,-0.003109424275840933,-0.004908962755751034,0.010563776861098328
2019-06-03,-0.028282664119162693,-0.007356348650773836,-0.011746672010836456
2019-06-04,0.006271259527755202,0.015151613174895218,0.02542173772000811
2019-06-05,0.013517219954161774,0.007981501264789248,-0.36366061786975723
2019-06-06,0.009679433038906504,0.0085461581594104,0.01172158741953333
2019-06-07,0.017510473358828937,0.016108534951726927,-0.03194015820974816
2019-06-10,0.00447233809615466,0.008129955238985076,0.07900525665024904
2019-06-11,-0.003420862214579712,0.011919094837606892,0.05182046508557092
2019-06-12,-0.002580094125655852,-0.0011244680717833466,-0.03642391873405282
2019-06-13,0.002214817234229116,-0.004324029738032031,0.0322661865053111
2019-06-14,0.0025940089862854787,-0.0056406571140645845,-0.010669159515379834
2019-06-17,0.0020882380192288608,0.005024440908143246,0.011501623009174455
2019-06-18,0.007670659042648298,0.01380135989214848,-0.004454214677217738
2019-06-19,0.0009361015504774084,-0.005907856931056554,
2019-06-20,-0.00018632286656750097,-0.0014264271896173852,-0.04437620903688411
2019-06-21,0.0014052713807286565,-0.0021499721726303545,-0.018632268223686133
2019-06-24,0.007645637056394872,0.0007257958872768366,-0.007493158925271581
2019-06-25,-0.022075746702973853,-0.005651222872644968,0.02439390385861817
2019-06-26,0.0049812671367419625,0.022852620531724765,0.004903708687718389
2019-06-27,-0.002180563314341022,-0.004123512759717118,0.008973862494879414
2019-06-28,-0.0071737474345466845,-0.01486926782424769,-0.01839280148660072
2019-07-01,0.005167375807868302,0.010678571007728843,-0.027781967033974286
2019-07-02,0.0037051056917376535,0.002906573527745371,0.0008031942583384133
2019-07-03,-0.0012292487246645667,0.0006343376678796808,-0.020683511406067723
2019-07-05,-0.001104087952731203,0.0009057066348575615,0.04135387208248398
2019-07-08,0.004105849874133427,-0.015768965162863302,-0.007845702074975924
2019-07-09,-0.004887280850236708,0.004862810145336516,-0.026924653310152813
2019-07-10,0.005675507972768168,0.005368124580811262,-0.02899273638627764
2019-07-11,0.0017045650388924916,-0.009548057745436656,-0.06792234463154279
2019-07-12,-0.0010074218411524338,0.0030526477870547186,0.00984267131319716
2019-07-15,-0.00017585947169163063,0.009228960990679047,-0.03276241751649822
2019-07-16,-0.009699176426301137,-6.580733791927695e-05,-0.02185938255717912
2019-07-17,0.0006222463718705828,0.0009175127128717708,-0.04746447570116019
2019-07-18,-0.0024811796661075025,0.007767842206864328,-0.04467782592941805
2019-07-19,0.007642795439212757,-0.008760540369966319,0.03474816331572861
2019-07-22,0.010419705028453796,0.020035416790135763,-0.04449538793011765
2019-07-23,-0.000634976183640168,0.0009702758365763842,-0.01892479705615069
2019-07-24,0.005578232115313719,-0.00551171567570341,-0.0071331064386978005
2019-07-25,0.0014960115909345983,-0.0026353570087912503,-0.01924744781670573
2019-07-26,0.0008155237302771567,-0.003909704295513183,0.00015005930851774707
2019-07-29,-0.0005772232881356976,0.010954665803399322,0.02904749092745751
2019-07-30,-0.002243027189037572,-0.0017136129051849025,-0.019266018234804116
2019-07-31,-0.018184672027745652,0.03128976294185537,0.008404120082725841
2019-08-01,0.022134539000052578,-0.012649664215157452,-0.035777266907665584
2019-08-02,-0.001119407230240288,-0.013866053224704578,-0.008342263234875968
2019-08-05,-0.004480782392233373,-0.022570008523331464,0.011259281996479631
2019-08-06,0.005741029630516925,0.005913374884340961,0.013937171070939725
2019-08-07,0.0036135393401404148,0.009588440155812838,-0.0007668897934256513
2019-08-08,0.00792312722329469,0.003283553900559344,0.002235109292952009
2019-08-09,-0.0018793886318989594,-0.005358209337424813,-0.0705042792214634
2019-08-12,-0.0016250041084856504,0.009769973426280942,-0.009966784067136691
2019-08-13,0.00556207082751925,0.02722669257015542,-0.026527658809894272
2019-08-14,-0.004040569725798915,-0.0004719895651393857,-0.013934902098517554
2019-08-15,-0.0047034082825451184,-0.007455587556814969,-0.035596798232852445
2019-08-16,0.0039011654401461815,0.009168542432069993,0.019841729319853396
2019-08-19,0.004642820751406873,0.006547877678724445,0.005966413808716542
2019-08-20,-0.00039388413991181537,0.00795279556922146,0.019749083605774875
2019-08-21,0.00289990327752232,0.002591736906083053,0.026840893739981997
2019-08-22,-0.006771099826125004,-0.00034041960166963925,0.0937264205100492
2019-08-23,-0.005915999538850691,-0.02027407525126057,-0.030901155442187522
2019-08-26,0.0044603694995599685,0.008026013102213181,0.035592275425842645
2019-08-27,0.005344202126985609,-0.008090225041900156,-0.028210421881796455
2019-08-28,-0.007871534289354498,0.0001551572050337846,0.04210317889443482
2019-08-29,0.006197382538725593,0.004244755338086437,0.0775189413721864
2019-08-30,-0.002525248429265048,-0.0019250749156199953,-0.06210854838633817
2019-09-03,-0.0063026784874185005,-0.007664451468607614,-0.033403146563490194
2019-09-04,0.0008456629748243571,0.006134102975813738,0.03377734664667953
2019-09-05,0.004573551973043433,0.006532032540675026,0.049804246607298985
2019-09-06,-0.007693909961112411,-0.0010043917229308752,0.018001911271257276
2019-09-09,-0.01126473430021857,0.004351714012048258,0.10450235309121558
2019-09-10,-0.010793521651037419,0.011500177027750969,0.06900541362988122
2019-09-11,-0.006935723079519951,0.02455621127761476,-0.10546149492989343
2019-09-12,0.007405935132779984,-0.0051153634474857546,-0.005057756714154982
2019-09-13,-0.0007299779439481346,-0.018711920296542228,-0.036393547959012174
2019-09-16,-0.0040738285270284225,0.008383561301191778,
2019-09-17,0.005193495634832512,0.0010562616867784147,-0.020722345162964673
2019-09-18,0.007882079390401087,0.009045627685889457,0.062012975961531325
2019-09-19,0.018388938788764797,-0.008153832022583352,-0.034802563929410946
2019-09-20,-0.006658961064865965,-0.009731495501809073,0.06345414488151402
2019-09-23,-0.002054540128727189,0.004653066311141707,0.068182029249088
2019-09-24,-0.004232736118698566,0.00366145643354443,0.006424362381078352
2019-09-25,0.008254012889089779,0.00922180950116358,0.03176558633558746
2019-09-26,0.0037205353311582368,-0.0027288010720176725,0.017813531886841538
2019-09-27,-0.00765486459425424,0.0004593083437588463,
2019-09-30,0.004391133760465182,0.018496842543108016,
2019-10-01,-0.0018393001470694559,0.015008720406316178,0.06907655843152394
2019-10-02,0.00024802685538738434,-0.007155980028235698,-0.02869174255840412
2019-10-03,0.004133467918949529,0.0005227115513060099,0.010825001803791645
2019-10-04,-0.0007152390725486679,0.013805970623563146,0.009768386456398215
2019-10-07,-0.00276177647611886,0.004707371429817697,-0.006332506198021393
2019-10-08,0.004986146941074798,0.0038458608468263655,-0.03179800818981959
2019-10-09,0.009838476770040794,0.00260668320362889,-0.05499364808132734
2019-10-10,-0.00019463704173117158,0.007062811806967106,0.005608346239646567
2019-10-11,-0.006769268430670383,0.01567697293614967,0.05242740608940566
2019-10-14,0.0004563805491111239,-6.923961088300956e-05,0.04049322454048476
2019-10-15,0.004519432094702847,-0.012278999826151549,-0.0045793223502679226
2019-10-16,-0.0061942803627194065,-0.002046008976026026,0.050127888258914455
2019-10-17,-0.007890668150539626,0.001128487967547942,0.022747375828536143
2019-10-18,-0.01240251065158915,0.008730633562992529,-0.011006028248656374
2019-10-21,0.0005514311323684407,0.01045407626413919,-0.008555111086756884
2019-10-22,-0.01131249453750749,0.0012901623533684292,0.0811403423167405
2019-10-23,0.0035325632714180433,0.010571764141382944,0.003412641898526081
2019-10-24,0.017753124687842625,-0.00027556775940151823,-0.0034756498239386646
2019-10-25,0.0015725792322147658,0.008243584810092353,-0.01497612410615412
2019-10-28,0.01900470687231337,0.004443764008873474,-0.030778230354329916
2019-10-29,-0.008599603790742205,-0.022311365487817203,-0.06055694198692296
2019-10-30,0.00920903960948749,-0.003368418174967136,-0.01702269140735735
2019-10-31,-0.005551913955466614,0.025632426967725053,-0.04758794684069079
2019-11-01,-0.007221124615992558,0.0187184080334315,0.06386705118582015
2019-11-04,0.002071064368094566,0.0028630635870345866,-0.001991725150337631
2019-11-05,0.0005631090161503094,-0.00024339526731398387,0.011442141202688716
2019-11-06,-0.003471458417083517,-0.0002825081065096491,0.029754326951286325
2019-11-07,-0.0013418165246918967,0.005775548682746434,0.018616342671428754
2019-11-08,0.00922364983296986,0.0001838708839461134,-0.023460950096685695
2019-11-11,0.002990124016367446,0.009881258147128147,-0.009531807673309967
2019-11-12,0.005005771388360891,-0.002479952589701906,-0.018175916462984554
2019-11-13,0.0009203255737828542,0.00887769986357334,0.0026668279747354973
2019-11-14,0.00425421080242927,-0.007764102536676143,0.005896913483757871
2019-11-15,0.005204713117845872,0.004183916130479748,-0.024417870513394724
2019-11-18,0.001964029150044233,0.004539012338534265,-0.044720818023472164
2019-11-19,0.0009251426585360489,-0.002432521066074389,-0.02075974999522101
2019-11-20,-0.0013638277250743736,-0.007885162552391911,-0.003516533719791326
2019-11-21,0.000647073540902654,-0.0029006416250847433,0.008908784649826806
2019-11-22,-0.001439051319315654,-0.003060391346553115,0.026915973372342528
2019-11-25,0.0034559611418134573,0.010018828466472618,0.05786368619098803
2019-11-26,0.003094425897409936,-0.009989258775664811,0.009413093749710777
2019-11-27,-0.0022669496695333358,0.009250077655865718,0.03680913863486723
2019-11-29,-0.0021599679602246624,0.0018159100253783977,0.0024364473775640993
2019-12-02,-0.003457719004452242,-0.002938540527487432,-0.018182815936025665
2019-12-03,0.005033227607237234,-0.011184489748342519,-0.001465685664181482
2019-12-04,-0.0027069119007829823,0.0024950384388939817,0.044330046342430096
2019-12-05,-0.000966409081607722,0.013170771322351227,-0.006165906142172717
2019-12-06,0.0030032678058546924,0.0101729524894425,0.034614269606695114
2019-12-09,0.0005928203517637787,-0.010830100212943061,-0.04923237275461001
2019-12-10,-0.0004226032581153838,0.0069414005418687585,0.029532971724600565
2019-12-11,0.000863385671686423,0.005613848356173623,-0.15344583611202312
2019-12-12,0.0015764486351488305,-0.006019472959544858,0.0004664249255572628
2019-12-13,0.00834557963049698,0.013513207379192815,-0.02337007898919563
2019-12-16,-0.0006765808491979719,0.009977512705865443,0.0020264957185773813
2019-12-17,-0.005736158090299259,0.0016371439771445395,0.10148291101650853
2019-12-18,-0.001636393027198646,-0.0019642133513333437,0.016933910573721955
2019-12-19,0.004221221621830695,-0.003458292034968613,-0.02069298770320971
2019-12-20,0.00597290471843448,-0.007016107585066433,-0.01649598207776526
2019-12-23,-0.0008661314657181229,0.01545221952197151,-0.06430519657423228
2019-12-24,4.823726928226968e-06,0.0011390707950045265,-0.030107621479856572
2019-12-26,0.0030685639114791385,0.014726346096704201,-0.012481098576466731
2019-12-27,0.001793741135148963,-0.0004202756863244117,0.09255864103220968
2019-12-30,-0.002837691869082004,0.011715956187662302,0.04476387936086179
2019-12-31,-0.0022480108958584655,0.004353645962324348,-0.011102631580773181
2020-01-02,0.010137388348392173,0.014451273437337209,0.029450165773883485
2020-01-03,-0.00539187869713087,-0.0026753732067265057,-0.0610859295432874
2020-01-06,-0.0009486002826282203,0.004441645207693634,-0.00863543494588448
2020-01-07,-0.006314567924468273,-0.0018932557138546802,-0.053607047814571374
2020-01-08,0.011026002246877331,0.01118380708576372,0.031329468993006815
2020-01-09,0.005837679977566124,0.014585373255344258,-0.036375572445568216
2020-01-10,-0.0017718356620325393,0.005103053060927398,-0.0187663982423808
2020-01-13,0.005048015260452177,0.014394655301228187,-0.006976281256220629
2020-01-14,-0.005528577460798045,-0.011988742512374362,-0.13108214642412164
2020-01-15,0.004606129276754967,-0.006155686720166864,-0.02310157769163801
2020-01-16,0.00995677674876183,0.0041599511739245365,-0.006197349791031925
2020-01-17,0.001734533449704978,0.007215129806521059,0.024276383487492836
2020-01-21,-0.0009387099958257927,-0.004124899004061877,-0.03103225624925121
2020-01-22,-0.005093892642337394,0.003274082626058661,-0.006825035549950953
2020-01-23,0.00501473822498788,0.0036811944168877453,0.012016929883978511
2020-01-24,-0.0010346349073153682,0.006147693852533553,-0.05589292441051841
2020-01-27,-0.000992533764467285,-0.013662230189062763,0.006471425589942736
2020-01-28,0.009542209300069437,0.01823563296634534,-0.026408691300945586
2020-01-29,0.01645973990361349,0.02179277561916715,-0.018135527935302598
2020-01-30,0.025073213910510095,-0.004589618711391297,-0.0515605058368348
2020-01-31,0.0029471999938475157,-0.02662084838596379,-0.0051949107430998565
2020-02-03,0.01712413743595187,-0.010007364623892623,0.0213911891209273
2020-02-04,0.017936256173166854,0.018039788917999955,0.015399384130297955
2020-02-05,-0.0124720485696167,-0.0030963872353459987,0.015776386407665655
2020-02-06,0.017408094505313887,0.008358835202557646,-0.012895024452320714
2020-02-07,0.006816723938176783,-0.010527434158794424,-0.07430931163903531
2020-02-10,0.01883058208130728,-0.002576775157228317,0.02679437533954432
2020-02-11,-0.024264015510319425,-0.007721812661434013,0.018616069710762906
2020-02-12,-0.004998770311954059,0.01729143776287878,0.03582589620581511
2020-02-13,-0.0037834492234563033,-0.005496696540766899,-0.01746263593541364
2020-02-14,0.007083571413526002,-0.0015849754154377838,-0.023741352190678966
2020-02-18,0.013062952873533096,-0.015396571248302293,0.012870228875503154
2020-02-19,-0.004438775281152996,0.009776932119112569,0.017461661183152177
2020-02-20,-0.011455708876365378,-0.006443402951514354,0.0014059041712971565
2020-02-21,-0.021094514603426373,-0.012123165049511164,-0.013636480615684676
2020-02-24,-0.009601921499033161,-0.013980719483716042,-0.05064482135427972
2020-02-25,0.01377817245658619,-0.003592142009467447,-0.007557822090245803
2020-02-26,0.01627331254148734,0.019635225176010573,-0.04397429028317834
2020-02-27,-0.026295674146515124,-0.02119852117606913,0.06776209872437589
2020-02-28,0.032451249345301636,0.00765336099325864,0.045702304302937535
2020-03-02,0.02049987728064706,0.04705413150179494,0.017849663645000513
2020-03-03,-0.0198114995967128,-0.003644891063816047,-0.024111380963143136
2020-03-04,-0.005487499113782324,0.004182033598452151,-0.003635099308232581
2020-03-05,0.008826742182348357,0.0014849474413154429,0.08431990014297963
2020-03-06,-0.01121336631736125,0.00376700552559317,0.006952899698787651
2020-03-09,0.008197198244479287,-0.003109162812451327,0.019847231780205976
2020-03-10,0.018987676967280764,0.022617249420516572,0.09384690746321311
2020-03-11,0.0035663974951163357,0.014130904784900866,0.027591815173254042
2020-03-12,0.00027443273672556057,-0.0036427111338988016,0.05646533747962845
2020-03-13,0.049297653448845624,0.02695412735105207,0.0603951371278475
2020-03-16,-0.02754978867007185,-0.008805547844792927,0.07191021961216981
2020-03-17,0.022381612551902075,-0.015993333960557132,-0.0919914355158602
2020-03-18,0.009734896446181307,0.027342964412817028,-0.05691622161019094
2020-03-19,0.011745097703773189,-0.012361906430230718,0.10669794179454839
2020-03-20,0.0058008370887399074,-0.0201260563524146,-0.059265775794606346
2020-03-23,0.019319340699546217,0.008041022898880201,0.042591730695596186
2020-03-24,-0.0029319371431757446,0.006507506557708487,-0.001964140041625928
2020-03-25,-0.021107623275580356,-0.017043768986974683,-0.009131173643238899
2020-03-26,0.00013688735315486866,-0.00979115660042873,-0.0048602040018037584
2020-03-27,-0.007373474161089022,-0.00771494340494816,-0.009396583919586754
2020-03-30,0.03682464536780894,-0.004986125604991676,-0.16858712604230985
2020-03-31,0.0002854000851590932,0.013972039706663386,-0.025083098451619046
2020-04-01,0.008634186553264533,-0.008459376538951568,-0.027286173601449804
2020-04-02,-0.002120689110798768,-0.00615939938252863,-0.14590630984073605
2020-04-03,0.0059267677191335855,0.0007818854492785965,-0.002406735109172775
2020-04-06,0.004036504499197235,0.01690545295847623,0.033240124450720776
2020-04-07,-0.009167209323816428,-0.009994382124267287,0.0598554725953262
2020-04-08,-0.024025231480911957,-0.008446237480689733,0.008757029608105427
2020-04-09,-0.014426819742054287,-0.007286319729879365,0.12627508525308606
2020-04-13,0.012345117754099078,0.02974726512899528,0.22861359199096232
2020-04-14,0.018910890701736127,0.019915669850319118,0.22470173740570965
2020-04-15,0.011552620791062895,0.012903062811419286,-0.09225525814634994
2020-04-16,0.024204234107140232,0.002143124439870636,-0.05135750770204739
2020-04-17,-0.017982023820027893,-0.04036913631402417,-0.05661466538590609
2020-04-20,-0.0019398312278050556,-0.0028827932251727084,0.1674711613740345
2020-04-21,-0.010682402317452766,-0.00023571496424934502,-0.11727524250079291
2020-04-22,0.011034714264964496,0.00588093644717036,8.230410644127772e-05
2020-04-23,-0.011562932671518644,-0.00334323257087743,-0.038315387083520114
2020-04-24,0.004341167805406165,0.014966253286885722,0.0009755385310343812
2020-04-27,-0.0175785819334493,-0.014007289486648533,0.20541171296682448
2020-04-28,-0.019118465728277356,-0.010973942442064621,-0.025685484922311597
2020-04-29,0.018289807992148077,0.006268448133926574,0.04433811145688815
2020-04-30,0.01924454510224094,0.030301488751793393,-0.0421120835542238
2020-05-01,0.0021676311695755235,0.011966463492771195,0.0839054658177254
2020-05-04,0.020210284781153165,0.009891988318068812,-0.09846469321673246
2020-05-05,0.0016952797455012103,0.005968295345892827,-0.025463931195404466
2020-05-06,0.016826714790871944,0.017303371714108784,-0.07836382476156811
2020-05-07,-0.005697677193197359,-0.001166402801082489,-0.02367500901143682
2020-05-08,-0.010989148070558397,0.0041728132043710175,0.005715767982105158
2020-05-11,0.011021314394696002,0.015602120430766142,-0.04430982171569764
2020-05-12,-0.0021514382496005124,0.009072241037644813,-0.025718110286306217
2020-05-13,0.002340225443719701,0.005375802799777452,-0.055224540182543747
2020-05-14,-0.007185462472504289,-0.005374937111511491,-0.030527197991947697
2020-05-15,0.010641835440908798,-0.009844840017900869,0.01786538718638142
2020-05-18,-0.02194671685568328,-0.007933406692833156,0.05380685213690506
2020-05-19,0.0035621222827735277,0.0047058972435157775,-0.020083276788980697
2020-05-20,-0.005596204593801168,0.0028035139393169928,-0.01890329538006219
2020-05-21,-0.004237639449133135,0.00031817088260666093,0.010030900168785495
2020-05-22,-0.0019175975316381155,0.004084605935021468,-0.06091228976516805
2020-05-26,-0.022860791676896808,-0.019062613784401772,0.04512710723947588
2020-05-27,-0.013505538748174839,-0.010482976164574609,0.046258629839685206
2020-05-28,-0.00014715485014027418,0.002560623078933899,-0.07465111520426249
2020-05-29,0.005386146442011963,-0.005792665198049218,-0.067167968206437
2020-06-01,-0.006043211435133977,0.008552947792829002,0.013490118761977588
2020-06-02,0.0031658847622229036,-0.0035875609837638933,0.0038957335652562985
2020-06-03,-0.011215347233714201,-0.00814392245444373,0.04855199335018301
2020-06-04,-0.009794877483270459,-0.005243508621145532,0.010125452860020534
2020-06-05,-0.002813498115376456,0.002269307676461718,-0.10003720833747076
2020-06-08,-0.005845010197093492,-0.00612907253997963,0.19810333614255704
2020-06-09,0.015444117878543162,0.03937118528713057,-0.0021808572720262154
2020-06-10,0.04240475422732837,0.03104653459771456,0.027490498134327246
2020-06-11,0.00524568629721911,0.01093369191810023,-0.07912293956938254
2020-06-12,-0.005169087388546156,-0.00442733551830754,0.06703067578095778
2020-06-15,-0.001920389096093933,0.004049067520098593,-0.014668139771838895
2020-06-16,0.005542703322439779,0.0075457854483780284,-0.029623411392738275
2020-06-17,0.00706157970197141,0.0022028898653039253,0.029462368510439485
2020-06-18,0.01011421346179664,-0.00018461822263748928,0.039321777871415664
2020-06-19,-0.0003101940797631819,-7.080067018316871e-05,-0.00849195051946594
2020-06-22,0.021278449871071192,0.01966301162537576,-0.00854423801508597
2020-06-23,0.0023735176234265243,0.017037453973550276,-0.012520994004061481
2020-06-24,0.005697662822474192,0.008208485085368977,-0.061101363002635134
2020-06-25,0.0016770039593296815,0.0023160952245924182,0.00037839852173737754
2020-06-26,0.004210944942512063,-0.006493397966177761,-0.0004367593413713289
2020-06-29,-0.0039384868160659,0.008355203131970246,-0.007789146419794335
2020-06-30,0.010139424728429658,-0.007062245117642085,-0.024542279781358478
2020-07-01,0.0008252676724056496,-0.006919040659354447,0.018019363819585132
2020-07-02,0.0030796263042045524,-0.004541282342595654,-0.03832506612637954
2020-07-06,0.0056444906343178225,0.0108795522090821,-0.027536750052013392
2020-07-07,-0.0008093443360085439,0.007715730503954243,-0.02455879584983056
2020-07-08,0.014165294670765993,0.0154517737370794,0.03373728972795753
2020-07-09,0.012644532673999676,0.009954436863271354,-0.006093449259166106
2020-07-10,-0.013499052611198437,-0.008722133851698954,0.020412655323924556
2020-07-13,-0.021526233905618475,0.00475451310774444,-0.009070659943530957
2020-07-14,-0.007224870660697658,0.003141959612191547,-0.05565987630960034
2020-07-15,-0.010569919549421769,-0.002209859058376118,0.017878745733826307
2020-07-16,-0.01639777953445931,-0.008903949388151977,-0.0013671653557100205
2020-07-17,-0.007948678819075461,-0.004868904398099727,-0.05320835181822037
2020-07-20,0.034574167170878356,0.012667144466701474,-0.03618468316210455
2020-07-21,-0.015147858473448461,-0.015475728842977099,0.03987939215871705
2020-07-22,0.008624166335918781,-0.0029429674377707826,0.019190564711238256
2020-07-23,-0.031174860023768125,-0.0331917281192986,0.012319827107282633
2020-07-24,6.814337487170974e-05,0.0037131438075530543,-0.013274329362483184
2020-07-27,0.005272530793879016,0.016305135121217562,-0.012357908571092424
2020-07-28,-0.0025037880890832476,-0.009948917300296123,-0.010982958081688143
2020-07-29,-0.002330371353873373,0.006734540920587229,0.018028471339994523
2020-07-30,0.002966177748215615,0.01585042921119384,0.01360247760979405
2020-07-31,-0.0022266147742475706,0.09701817727614381,-0.029621679308512228
2020-08-03,0.04906013228586259,0.018021307215993376,0.027731691522496105
2020-08-04,-0.01862073450135271,0.003061560577249267,0.06385791937711471
2020-08-05,-0.00807069843839403,-0.002800505631889161,0.03871698674356705
2020-08-06,0.009586172751457234,0.028452295381578008,-0.04962427215428589
2020-08-07,-0.018520676538679504,-0.02511895615804116,-0.06158107580602323
2020-08-10,-0.02264999182653593,0.011792517106760991,0.038123148812944985
2020-08-11,-0.015416230774984774,-0.02177503957421234,0.012588061011013618
2020-08-12,0.014570711707768025,0.019237783340039893,0.025083957395868994
2020-08-13,-0.00029524288435922585,0.019744674187155087,0.028595797864047978
2020-08-14,0.0011302452004645636,-0.0007149475697982854,0.023878828383717132
2020-08-17,0.003896157155532931,-0.005329361332394145,-0.02797303233326809
2020-08-18,0.0034508548547551587,0.006038172220860227,0.03657351225159844
2020-08-19,-0.004059341525845639,0.0056504891960532655,-0.0143066030852258
2020-08-20,0.020112681106178698,0.01903533108860378,-0.026463743649121296
2020-08-21,-0.010711151744667413,0.048091309671999705,0.0876651547726901
2020-08-24,-0.0068984389694599635,0.001912576000688615,-0.041852828676658516
2020-08-25,0.009413174173151129,-0.011796107862068528,0.018990943424373352
2020-08-26,0.011423957777881855,0.0033993668577771974,0.01590875148219495
2020-08-27,0.022880446144298405,-0.013623515174570944,
2020-08-28,0.0035507669715615364,-0.00834844739016849,0.04806194388811802
2020-08-31,-0.012570651773736174,0.0361030594543813,0.2415270731141309
2020-09-01,0.00019011206421448712,0.03230756226191511,0.13768453305684103
2020-09-02,0.003906374150248304,-0.036084295035739955,-0.007522719861625005
2020-09-03,-0.026821066258937765,-0.04493504640467938,0.04939302186934058
2020-09-04,-0.005902895938435071,0.008794812506126903,-0.013606131297285717
2020-09-08,-0.026339303782384915,-0.03953859471358956,0.03429232654380232
2020-09-09,0.022438612648471468,0.01974151996765361,-0.0655995704257325
2020-09-10,-0.01043357274497092,-0.015060964557611078,-0.1347961617391089
2020-09-11,-0.007057872289123801,-0.013661973443719333,-0.023004973519952454
2020-09-14,-0.005978097297750118,0.017258191483311647,0.12190515371648081
2020-09-15,0.011186826352427737,-0.0036590527428710384,0.020829818438214742
2020-09-16,-0.013246737933069408,-0.02489463035284667,0.22887847846615805
2020-09-17,-0.0020241072863412812,-0.007551242041470507,0.06832020572262465
2020-09-18,-0.0012367289928459924,-0.0205375675521845,0.04053039629079891
2020-09-21,0.022300202603308783,0.041896845009844697,-0.06445844274786572
2020-09-22,0.01357606374996534,0.005197900650973697,0.19633920048486075
2020-09-23,-0.009206946519768278,-0.018224747260658036,-0.02552101284106656
2020-09-24,0.009974355017033698,0.007281449573528942,-0.09262884204565514
2020-09-25,0.006809791144760879,0.021539407451600878,0.08030332421569297
2020-09-28,-0.008315341168013024,0.007758350621595245,-0.009124520614912646
2020-09-29,-0.005596082133012659,-0.002755222881739461,0.030580714020172373
2020-09-30,0.006558603664472917,0.00682210796489735,-0.022746462995480998
2020-10-01,0.004834050124622458,0.0031692430075889177,-0.04744975599517243
2020-10-02,-0.01993382268131294,-0.022702546206950225,-0.029316960464560782
2020-10-05,0.0023484073371131675,0.012818354680599775,-0.010517916675897965
2020-10-06,-0.007273788002840287,-0.014696049049374937,-0.02091024208261172
2020-10-07,0.001640680108929926,-0.0004296372413645777,0.00779491235971963
2020-10-08,-0.004435761452200815,-0.008965940317721022,0.4332292327168683
2020-10-09,0.016042579626379228,0.008602255242575518,-0.11776319426747506
2020-10-12,0.009486624172280633,0.04710477083923892,-0.03471861860729197
2020-10-13,0.012901307166478415,-0.0202204233005584,0.013086568906101603
2020-10-14,-0.0023511050760661734,0.007366326292273406,0.03776791998866469
2020-10-15,-0.0039055033078334578,-0.0024329199729477002,0.13050739469570383
2020-10-16,-0.00013492797142955482,-0.014135425030496696,-0.03773434951879029
2020-10-19,-0.008435723945138363,-0.009212102917832365,0.06140871086303079
2020-10-20,-0.002719994738523024,0.008464652671300588,-0.00832181327655801
2020-10-21,0.00289449500476624,-0.0032506620067160874,0.01951170030121685
2020-10-22,-0.0047999509695866305,-0.014802243064178544,0.05222786312764405
2020-10-23,0.0027899589009865444,-0.009579698908770418,0.0025904276823094374
2020-10-26,-0.00985239856387854,0.0186764645491575,-0.08474379507068475
2020-10-27,0.01811509711844428,0.016498010703153376,-0.053479968807936706
2020-10-28,-0.014278329960711211,-0.011024271537106833,-0.033270012771206225
2020-10-29,-0.001882179823073038,0.025103052594900088,-0.019561520315299452
2020-10-30,0.0011388849337248264,-0.043888530497071865,-0.095287373525212
2020-11-02,-0.013009653958000023,-0.013144943448791135,0.014424881958955416
2020-11-03,0.0024646116256654693,-0.002445815437705834,0.05847975612250966
2020-11-04,0.02620176261541518,0.018789614955509792,-0.07909111794693402
2020-11-05,0.012426679955673148,0.016033501938141903,0.030035684371902516
2020-11-06,0.0022134591882339016,-0.0025687103490231733,0.036095572663552566
2020-11-09,-0.0355242957306815,-0.03166785616771117,-0.042897174199280186
2020-11-10,-0.03239295323390534,-0.0016091380081501017,-0.03254275590206668
2020-11-11,0.018602791438822708,0.02270078898240402,0.05090667012438943
2020-11-12,0.004852722403573262,0.0076352670670036815,-0.042787398054087156
2020-11-13,-0.008643785795175996,-0.013190937917112011,-0.02439203697648573
2020-11-16,-0.008322566696810973,-0.0029276054686508957,0.08371979921262396
2020-11-17,-0.00795950369196452,-0.002772464385108142,-0.030863100150586686
2020-11-18,-0.00419668237099724,0.0001725936130947403,0.006404761043159901
2020-11-19,0.0024018833472627676,0.0012217569686499008,0.07297665630975603
2020-11-20,-0.0027639976061251126,-0.004164977217314125,0.026856746783642582
2020-11-23,-0.0069667786868221615,-0.03537854521360828,0.08799114834906074
2020-11-24,0.0016860762082162584,-0.004567514905893022,-0.0327084803943718
2020-11-25,0.00163117507529853,0.00905163787990404,0.0805895362152359
2020-11-27,0.00396207780936586,0.0024294126926520665,0.08777256620204543
2020-11-30,-0.000794093522793804,0.02569506943756228,0.0344462359824006
2020-12-01,-0.0012744379131852668,0.01955621549757036,-0.05716488776152373
2020-12-02,-0.005676262429394563,0.0011423564383619134,0.047575937875161456
2020-12-03,-0.004622638035092996,-0.0005133249950630692,-0.027120123636918292
2020-12-04,-0.008276115617149138,-0.014448729008770589,0.03955086166488608
2020-12-07,0.0016090420315152398,0.014205534143288734,-0.03060878320524263
2020-12-08,0.005239368681100087,0.002303771635465246,0.033298489455871216
2020-12-09,-0.011540618364528799,-0.012954462195152505,-0.185675337192044
2020-12-10,-0.004758321136058452,0.013273948389429968,0.03496007946563062
2020-12-11,0.014280350522780871,-0.005469866294012471,-0.05610047903241733
2020-12-14,0.00876703209180374,-0.0007873714240134166,-0.03996830633066617
2020-12-15,-0.013248011700122131,0.03716911250435251,0.07591526367292012
2020-12-16,0.022277962168233634,-0.00232023626363409,-0.0017728480872187813
2020-12-17,-0.005119185681403904,0.0012058225872941808,0.06500048394297897
2020-12-18,-0.0002715997182487495,-0.012339715724018596,0.05745580680245477
2020-12-21,0.0222053803613369,0.0163016708229633,-0.0024916710631991412
2020-12-22,0.008138079090420303,0.030537594494625453,0.25513171286862957
2020-12-23,-0.01378501818322797,-0.007721850075972703,0.05629427096713813
2020-12-24,0.004290770159906199,0.004175702776700874,-0.02395466037084515
2020-12-28,0.0011989206148270704,0.027043188353464753,0.03296482893987518
2020-12-29,-0.001373277824754826,-0.011087437623166885,-0.0744758297071455
2020-12-30,-0.01236095382686564,-0.009868276622698846,-0.0075334976439274115
2020-12-31,-0.003100692666236693,-0.0141415000196069,-0.02824569132277177
2021-01-04,-0.006511289604561377,-0.00996448688977114,-0.06964012086830362
2021-01-05,-0.006117865016676216,0.005281265407114599,-0.00012601781473153828
2021-01-06,-0.03163922593833457,-0.03937145311296075,0.051284918093129184
2021-01-07,0.013609643952304795,0.019275858456125894,-0.030097908954998642
2021-01-08,0.000600921331479487,0.0031393341932650642,-0.02706268744259166
2021-01-11,-0.003143773516552595,-0.01669397266436312,0.1337452998502664
2021-01-12,-0.012186488273315033,-0.0018113973551018292,8.567236234613418e-05
2021-01-13,0.004284672272137913,0.013951104908157097,0.5716592339263549
2021-01-14,-0.011592775827710122,-0.011373767586274841,0.2747725467448622
2021-01-15,0.0054530916474595514,-0.006540491900216772,-0.10330860414158927
2021-01-19,0.009686310539277043,-0.002709314590340295,0.10059599152668275
2021-01-20,0.022564146529515217,0.01892056079962856,-0.020033137233010034
2021-01-21,0.002491506575151625,0.03634160430533706,0.0996321443341186
2021-01-22,0.007366722737339848,0.01908423288950145,0.5138170004932782
2021-01-25,0.012228409996241751,0.024068096868857136,0.17758708853750083
2021-01-26,0.013687677431475809,0.0031680974464862732,0.9285626740606698
2021-01-27,0.028131265905430025,0.0179941485796985,1.3740357453142051
2021-01-28,0.016130277840428198,-0.04474587999103141,-0.4526543921541486
2021-01-29,-0.009860220997173652,-0.018109169612171905,0.6980305112031701
2021-02-01,0.017100531610983793,0.0004684216021555443,-0.32374404371367427
2021-02-02,-0.014482422088721636,-0.007561573630821439,-0.6138982368185358
2021-02-03,0.013562611814683656,-0.00878715877977243,0.025768972950150015
2021-02-04,-0.01492737823550816,0.014904497839461905,-0.43191163118231923
2021-02-05,-0.003112380929101821,-0.008482959025320369,0.18806514436818467
2021-02-08,-0.006284564824024397,-0.006302534063295173,-0.06651805385296794
2021-02-09,0.006474985601876204,-0.0054601639467320995,-0.16038650241726016
2021-02-10,-0.003551956171593873,-0.004213328383978143,0.018035479978368296
2021-02-11,0.005215067330897272,-0.0035828332804892504,-0.0036155801137118804
2021-02-12,-0.002665909683606138,-0.0029349156111770913,0.020729330009804148
2021-02-16,-0.004696246130179715,-0.015534736316989428,-0.05458339684422975
2021-02-17,0.002372102446550284,-0.017323567731677536,-0.07178624558906543
2021-02-18,0.002736856711592961,-0.004220694208049047,-0.10986368660292511
2021-02-19,-0.00971243840467928,0.003088415066930139,-0.0006027121558501713
2021-02-22,-0.019075467008275115,-0.022066180419372805,0.1410169094929853
2021-02-23,-0.006543908885531469,-0.0023673989996702005,-0.02364759223638524
2021-02-24,-0.0058644582436229165,-0.015403783317925801,1.0280079111355085
2021-02-25,0.0007738799453917977,-0.010303761792255672,0.21006384308701898
2021-02-26,0.01955430574369399,0.006981755212473129,-0.0595375192665909
2021-03-01,-0.004167688094751654,0.030060509427954907,0.1596179694779425
2021-03-02,-0.004876022393381363,-0.012812809326589458,-0.010357693882049102
2021-03-03,-0.013914596958590653,-0.011390317397853678,0.06383621618761293
2021-03-04,0.009769824127771498,-0.002394681961764733,0.0792088066762815
2021-03-05,0.0019833167301850363,-0.008757609051092574,0.021229373631784343
2021-03-08,-0.012818621300840882,-0.036314258278243305,0.4174400034315464
2021-03-09,0.013946816071951584,0.02649502424912753,0.2552540568056558
2021-03-10,-0.011847718208508606,-0.01519701849902777,0.0672787489837341
2021-03-11,0.009869557785881167,0.006107270812055976,-0.02926340417465556
2021-03-12,-0.006834991147049441,-0.008640849486063806,0.01629229378915875
2021-03-15,-0.01047923324883182,0.017964787667780868,-0.17420462399990388
2021-03-16,0.013920099602801161,0.014312651774418206,-0.05280480032934065
2021-03-17,-0.005697903102837243,-0.009329928002951182,0.004998833818308457
2021-03-18,-0.011901666285083157,-0.0191445973499198,-0.02365520901357565
2021-03-19,-0.0010009365643995904,-0.003877473508891005,-0.006733072761715975
2021-03-22,0.01745935939066312,0.021310573892964202,-0.03588615834749698
2021-03-23,0.01436841063264227,0.0007421102054416817,-0.05787381618889598
2021-03-24,-0.0034560064618234243,-0.014526167938394341,-0.33241440205850536
2021-03-25,-0.018490891345145144,-0.0010766890505764515,0.5216834830783734
2021-03-26,0.0011875162619001678,-0.011489809516981309,-0.03159718408634615
2021-03-29,-0.0043755474161373265,0.0023530509669460464,0.0025254835425272404
2021-03-30,-0.011252991320393146,-0.00911666402310951,0.0757446957538116
2021-03-31,0.013284944730823645,0.015143099475908972,-0.027483486822780012
2021-04-01,0.016083410027925016,-0.00486648753123653,-0.003238062420483523
2021-04-05,0.013290213995872824,0.009138957917601331,-0.03794310940346368
2021-04-06,-0.003884534112688298,0.0034358095594175797,-0.012131570402476366
2021-04-07,0.006755222308225006,0.01191515074417504,-0.036868184296211415
2021-04-08,0.009184722186034833,0.015013136428979834,-0.04754254814559622
2021-04-09,0.0025465722408286595,0.012531648120002403,-0.07761306746704955
